"Year","Unit","Harvest","Hunters","daily.temperatureHigh","daily.temperatureLow","daily.temperatureMean","daily.precipAccumulation","daily.precipType","daily.windSpeed","daily.FullmoonPhase"
2010,"1",22,121,61.518,26.8811111111111,39.0462777777778,0.0304583333333333,1.74107142857143,3.32944444444444,0.649555555555556
2010,"10",102,269,62.458,28.4977777777778,40.9165833333333,0.2713,1.83333333333333,3.76083333333333,0.649555555555556
2010,"11",720,2659,62.558,26.4522222222222,39.8637777777778,0.148041666666667,1.96666666666667,3.82766666666667,0.649555555555556
2010,"12",1544,4147,55.344,23.7533333333333,35.6943333333333,0.0627916666666667,2.21428571428571,1.23272222222222,0.649555555555556
2010,"13",629,1387,59.094,20.304,36.8333055555556,1.65083333333333,2.05079365079365,3.51427777777778,0.649555555555556
2010,"131",224,682,57.83,18.748,35.5005833333333,1.55358333333333,2.05079365079365,1.6645,0.649555555555556
2010,"133",4,18,69.86,29.9511111111111,49.5088611111111,0,0.75,5.38188888888889,0.649555555555556
2010,"14",254,1300,47.544,20.8555555555556,30.9554444444444,0.204533333333333,2.17777777777778,4.00538888888889,0.649555555555556
2010,"140",35,116,70.452,27.8,49.4821388888889,0.00625,1.5,2.81411111111111,0.649555555555556
2010,"141",7,36,71.924,29.9533333333333,51.2480833333333,0,0,3.70227777777778,0.649555555555556
2010,"15",363,2298,54.13,22.2122222222222,34.022,0.128291666666667,1.8952380952381,1.54172222222222,0.649555555555556
2010,"16",180,910,58.712,23.7622222222222,36.7323888888889,0.610875,1.85119047619048,4.84927777777778,0.649555555555556
2010,"17",186,1110,52.562,21.5277777777778,33.1626666666667,0.217666666666667,2.05079365079365,1.81438888888889,0.649555555555556
2010,"18",447,3350,50.108,21.6233333333333,32.7901111111111,1.05870833333333,2.0952380952381,2.61983333333333,0.649555555555556
2010,"2",154,386,63.494,28.3866666666667,41.1838333333333,0.0284583333333333,1.67857142857143,2.98555555555556,0.649555555555556
2010,"20",36,114,57.266,26.7144444444444,39.6394444444444,0.124541666666667,1.67857142857143,3.56677777777778,0.649555555555556
2010,"201",72,124,54.396,22.25,33.7579166666667,0.06375,1.75,4.16044444444444,0.649555555555556
2010,"21",382,1924,62.586,27.9722222222222,41.9171944444444,0.378583333333333,1.6375,3.86233333333333,0.649555555555556
2010,"211",614,2007,60.76,24.7988888888889,37.9708055555556,0.2783125,1.85714285714286,4.54511111111111,0.649555555555556
2010,"23",813,3111,63.302,27.0122222222222,40.0568333333333,0.363775,1.91666666666667,3.51177777777778,0.649555555555556
2010,"231",263,970,49.698,21.0177777777778,32.2160833333333,0.141458333333333,2.12222222222222,5.168,0.649555555555556
2010,"24",593,2478,54.528,22.8911111111111,34.92375,0.0855833333333333,1.95833333333333,1.74177777777778,0.649555555555556
2010,"25",261,1396,50.75,20.8488888888889,32.3985833333333,0.2290625,2.25,2.42227777777778,0.649555555555556
2010,"27",121,872,52.722,21.2844444444444,32.8030833333333,0.193479166666667,1.95079365079365,1.62377777777778,0.649555555555556
2010,"29",26,86,64.76,31.5011111111111,45.66,0.111325,1.5125,2.04605555555556,0.649555555555556
2010,"3",319,1922,59.934,23.8211111111111,37.33175,0.3055,1.9,8.63855555555556,0.649555555555556
2010,"30",221,854,70.97,32.094,47.2889444444444,0.015375,1.33333333333333,1.24194444444444,0.649555555555556
2010,"301",258,1302,59.98,24.654,38.1048888888889,0.575625,1.9,5.31444444444444,0.649555555555556
2010,"31",169,707,63.152,31.7144444444444,43.3743055555556,0.187,1.65,2.96322222222222,0.649555555555556
2010,"32",92,343,57.276,24.1822222222222,37.1891111111111,0.460458333333333,1.85079365079365,2.07111111111111,0.649555555555556
2010,"34",116,886,48.926,19.4677777777778,30.7789166666667,0.224181547619048,2.38888888888889,1.73644444444444,0.649555555555556
2010,"36",131,1076,55.104,19.1555555555556,33.0978055555556,0.391195833333333,2.17777777777778,1.38461111111111,0.649555555555556
2010,"37",223,1277,53.658,17.9,32.4447777777778,0.436245833333333,2.15,1.62727777777778,0.649555555555556
2010,"371",116,749,48.472,16.2077777777778,29.8568888888889,1.89204166666667,2.23333333333333,2.52261111111111,0.649555555555556
2010,"38",52,464,52.772,23.5855555555556,36.2996388888889,0.542208333333333,1.7952380952381,2.62933333333333,0.649555555555556
2010,"39",81,325,49.268,20.2155555555556,32.6329722222222,0.576458333333333,1.85079365079365,3.44238888888889,0.649555555555556
2010,"391",13,50,62.546,27.8355555555556,43.4352222222222,0.130625,1.85714285714286,3.94555555555556,0.649555555555556
2010,"40",128,231,65.064,28.46,43.1294444444444,0,1.57738095238095,3.49322222222222,0.649555555555556
2010,"41",125,987,64.58,27.8188888888889,42.0798055555556,0.01495,1.6547619047619,2.46833333333333,0.649555555555556
2010,"411",54,357,67.986,29.6855555555556,44.4584444444444,0.011125,1.41666666666667,2.15022222222222,0.649555555555556
2010,"42",349,2025,60.87,24.11,38.3197777777778,0.3010625,2.15079365079365,1.89227777777778,0.649555555555556
2010,"43",519,2243,50.798,17.9611111111111,31.5665,0.564589285714286,2.26388888888889,1.39844444444444,0.649555555555556
2010,"44",216,1387,56.84,20.398,34.0639444444444,0.600875,2.12222222222222,1.60566666666667,0.649555555555556
2010,"441",375,936,57.434,19.866,35.8912777777778,1.4136875,2.05079365079365,2.53766666666667,0.649555555555556
2010,"444",223,1275,52.976,19.1688888888889,32.3125833333333,0.355520833333333,2.44444444444444,1.60627777777778,0.649555555555556
2010,"45",204,1015,52.744,17.1311111111111,31.3080277777778,0.573214285714286,2.28888888888889,2.13566666666667,0.649555555555556
2010,"46",36,247,47.834,17.7188888888889,30.6908333333333,0.086275,2.13214285714286,5.59655555555556,0.649555555555556
2010,"471",48,176,50.208,15.7944444444444,29.7507777777778,0.131329166666667,2.33333333333333,4.712,0.649555555555556
2010,"48",128,418,45.056,13.1522222222222,26.2329166666667,0.57753125,2.94444444444444,5.52127777777778,0.649555555555556
2010,"481",124,591,46.888,15.0133333333333,27.8335833333333,3.55090476190476,2.88888888888889,3.07077777777778,0.649555555555556
2010,"49",268,801,47.974,16.2044444444444,29.346,0.6380875,2.17777777777778,4.3285,0.649555555555556
2010,"50",153,589,55.722,19.5077777777778,35.3003611111111,0.1184875,1.95238095238095,1.57494444444444,0.649555555555556
2010,"500",138,534,47.374,16.1122222222222,29.4382777777778,0.39895,2.5,6.16016666666667,0.649555555555556
2010,"501",59,376,49.19,17.5966666666667,31.3969166666667,0.1262,2.56666666666667,4.84722222222222,0.649555555555556
2010,"51",50,212,62.868,28.8255555555556,44.3798611111111,0.21875,1.5375,2.47972222222222,0.649555555555556
2010,"511",92,1132,59.774,24.0588888888889,40.8109166666667,0.024,1.625,1.90483333333333,0.649555555555556
2010,"52",199,879,63.51,25.4933333333333,40.2284444444444,0.0293125,1.77777777777778,1.803,0.649555555555556
2010,"521",534,1816,58.916,23.7022222222222,37.0952222222222,0.267095833333333,2.01388888888889,1.85811111111111,0.649555555555556
2010,"53",229,1089,56.712,21.8733333333333,35.2898611111111,0.4386,2.08928571428571,2.34633333333333,0.649555555555556
2010,"54",556,2151,51.124,17.6766666666667,31.8725,0.45705,2.14583333333333,3.68088888888889,0.649555555555556
2010,"55",597,2590,50.45,16.5977777777778,30.5115,0.731971428571429,2.28888888888889,1.83,0.649555555555556
2010,"56",72,464,47.082,16.7244444444444,29.4695833333333,14.5395166666667,2.63888888888889,2.76588888888889,0.649555555555556
2010,"58",86,395,55.288,21.26,36.2826666666667,0.0835,2.25,3.01194444444444,0.649555555555556
2010,"581",77,949,60.576,22.63,40.6017777777778,0.009,1.5,1.49833333333333,0.649555555555556
2010,"6",303,1443,53.552,24.4811111111111,36.0778888888889,0.20775,1.8125,4.97683333333333,0.649555555555556
2010,"61",636,1162,63.354,24.5255555555556,40.6717777777778,0.065625,1.68611111111111,2.56155555555556,0.649555555555556
2010,"62",614,3640,66.218,27.2044444444444,43.0500555555556,0.02075,1.5,2.91411111111111,0.649555555555556
2010,"65",356,1526,60.258,22.5022222222222,38.501,0.216729166666667,1.89722222222222,1.46222222222222,0.649555555555556
2010,"66",460,1465,56.01,17.6077777777778,34.5953055555556,0.137375,2.22222222222222,2.19972222222222,0.649555555555556
2010,"67",429,1515,48.09,17.0722222222222,30.9318055555556,0.03175,2.25,1.97033333333333,0.649555555555556
2010,"68",149,1821,50.468,16.3366666666667,32.3604166666667,0.00725,2.14285714285714,2.06361111111111,0.649555555555556
2010,"691",5,103,66.68,19.6411111111111,42.9779722222222,0,0.25,2.34988888888889,0.649555555555556
2010,"71",429,2004,53.008,19.1733333333333,34.25975,0.156208333333333,1.8625,1.96466666666667,0.649555555555556
2010,"711",454,2109,60.384,21.9211111111111,37.69,0.1671875,1.9,3.746,0.649555555555556
2010,"72",66,458,70.02,25.3522222222222,44.6165555555556,0.074,1.83333333333333,2.57994444444444,0.649555555555556
2010,"73",122,635,62.802,23.1844444444444,39.3084444444444,0.0838,1.5,3.40066666666667,0.649555555555556
2010,"741",45,278,66.678,23.8588888888889,42.2708611111111,0.0556875,1.66666666666667,2.20922222222222,0.649555555555556
2010,"75",310,1490,62.174,23.1866666666667,39.2879444444444,0.074125,2.16666666666667,1.61072222222222,0.649555555555556
2010,"76",338,895,54.062,15.4688888888889,33.7095277777778,33.9753125,2.16666666666667,2.10961111111111,0.649555555555556
2010,"77",339,2619,61.342,21.1111111111111,38.5677777777778,0.2035,1.75,5.05983333333333,0.649555555555556
2010,"771",92,635,67.016,21.0188888888889,40.6938888888889,0.1435625,2.06666666666667,1.54038888888889,0.649555555555556
2010,"78",276,2118,62.352,20.4922222222222,38.4031944444444,9.2924375,1.58333333333333,2.61811111111111,0.649555555555556
2010,"8",50,693,47.366,21.5788888888889,31.9976111111111,0.126645833333333,1.91666666666667,6.43033333333333,0.649555555555556
2010,"83",81,631,62.06,19.8033333333333,40.0159166666667,0.061125,1.83333333333333,3.87805555555556,0.649555555555556
2010,"85",330,1311,61.182,25.2922222222222,42.7784722222222,0.0295,1.25,3.47222222222222,0.649555555555556
2010,"86",113,965,51.09,21.4144444444444,35.0304722222222,0.049,1.5,1.38194444444444,0.649555555555556
2010,"861",32,229,58.004,24.1455555555556,39.8720833333333,0.038,2,3.42738888888889,0.649555555555556
2010,"9",29,74,63.884,27.5011111111111,42.0538333333333,0.240475,1.92857142857143,4.20894444444444,0.649555555555556
2011,"1",15,117,62.48,21.26,37.2949444444444,0.1809375,2.25,2.53816666666667,0.740777777777778
2011,"10",111,194,63.392,25.2811111111111,40.1428888888889,0.122875,1.45833333333333,3.57611111111111,0.740777777777778
2011,"11",686,3015,64.034,22.8244444444444,38.6991388888889,0.213916666666667,2.175,4.75533333333333,0.740777777777778
2011,"12",1281,4187,54.61,19.4444444444444,34.8495555555556,0.277875,2.3,5.26283333333333,0.740777777777778
2011,"13",509,1302,60.944,20.2511111111111,36.8451111111111,2.20675,2.33333333333333,2.68733333333333,0.740777777777778
2011,"131",153,620,59.06,19.1622222222222,35.5442222222222,2.1695625,2.41666666666667,1.671,0.740777777777778
2011,"133",0,9,66.414,30.658,45.746,0.227,1.5,2.90211111111111,0.740777777777778
2011,"14",156,1177,47.918,15.9711111111111,29.63625,0.303903571428571,2.5,3.37894444444444,0.740777777777778
2011,"140",33,114,66.99,28.5688888888889,45.8808888888889,0.886333333333333,1.75,2.92844444444444,0.740777777777778
2011,"141",2,21,68.12,30.2944444444444,46.9180555555556,0.576166666666667,1.5,2.53516666666667,0.740777777777778
2011,"15",341,2655,54.002,17.8088888888889,32.8935277777778,0.292035714285714,2.4375,1.85983333333333,0.740777777777778
2011,"16",180,901,58.148,20.8544444444444,35.7077222222222,0.6194,2.3,5.62616666666667,0.740777777777778
2011,"17",174,1204,51.376,17.7611111111111,31.9843611111111,0.636794642857143,2.41666666666667,2.49777777777778,0.740777777777778
2011,"18",478,3482,48.32,18.1533333333333,31.0923888888889,0.682625,2.58333333333333,3.16555555555556,0.740777777777778
2011,"2",97,293,64.616,23.1522222222222,39.2626944444444,0.1100625,1.5,3.83733333333333,0.740777777777778
2011,"20",38,120,55.958,26.6222222222222,37.8618333333333,0.133958333333333,1.96666666666667,3.229,0.740777777777778
2011,"201",63,132,55.852,15.7066666666667,32.4856666666667,0.066375,2.375,4.95066666666667,0.740777777777778
2011,"21",292,1660,65.71,26.1966666666667,41.3600277777778,0.13665,1.77380952380952,4.36838888888889,0.740777777777778
2011,"211",546,2077,62.988,20.8877777777778,37.3037222222222,0.393625,2.13333333333333,4.6665,0.740777777777778
2011,"23",680,3831,63.808,24.4855555555556,39.732,0.8115625,2.06666666666667,3.92872222222222,0.740777777777778
2011,"231",133,956,50.106,16.86,31.4168333333333,0.85549375,2.5,4.70727777777778,0.740777777777778
2011,"24",568,3325,52.892,19.01,33.8541666666667,0.277119047619048,2.3,4.10783333333333,0.740777777777778
2011,"25",207,1198,49.49,17.0722222222222,31.3637222222222,0.4848125,2.4,3.38994444444444,0.740777777777778
2011,"27",78,932,52.064,15.9855555555556,31.53575,0.63015,2.5,1.92561111111111,0.740777777777778
2011,"29",18,74,60.586,28.73,43.3706666666667,1.47766666666667,1.70535714285714,2.01794444444444,0.740777777777778
2011,"3",180,1700,60.954,19.7888888888889,36.4158888888889,0.507333333333333,2.21428571428571,7.97694444444444,0.740777777777778
2011,"30",156,807,70.706,29.7555555555556,46.2101944444444,0,0.75,0.973388888888889,0.740777777777778
2011,"301",174,1103,61.666,20.4488888888889,37.1660555555556,1.02570833333333,2.125,4.403,0.740777777777778
2011,"31",120,672,64.392,29.2155555555556,43.2322222222222,0.006,1.16666666666667,2.75483333333333,0.740777777777778
2011,"32",100,457,57.794,23.0988888888889,37.04,2.89848958333333,2,3.779,0.740777777777778
2011,"34",114,967,47.228,16.5222222222222,30.3518333333333,0.77785,2.91666666666667,2.21066666666667,0.740777777777778
2011,"36",197,1334,52.37,16.8233333333333,32.3658888888889,0.18675,2.5625,2.03055555555556,0.740777777777778
2011,"37",177,1180,50.918,17.3288888888889,31.9485833333333,0.123816666666667,2.66666666666667,2.0285,0.740777777777778
2011,"371",114,760,45.834,15.7,29.3853611111111,0.391414583333333,2.75,4.88972222222222,0.740777777777778
2011,"38",80,564,51.484,22.5055555555556,34.7657777777778,0.382833333333333,1.91666666666667,3.35588888888889,0.740777777777778
2011,"39",51,346,49.086,18.8544444444444,32.15625,0.320178571428571,2.58333333333333,3.97633333333333,0.740777777777778
2011,"391",13,51,58.558,26.806,41.32575,0.68975,1.825,4.23877777777778,0.740777777777778
2011,"40",141,247,65.982,26.8877777777778,42.8228888888889,0,1.10714285714286,2.95727777777778,0.740777777777778
2011,"41",189,1052,63.834,25.8244444444444,41.5202777777778,0.001,1.85714285714286,2.23422222222222,0.740777777777778
2011,"411",74,383,66.548,27.0911111111111,43.5301111111111,0.0085,1.925,2.42227777777778,0.740777777777778
2011,"42",434,2063,61.222,21.9033333333333,38.3481666666667,0.3848,1.83333333333333,1.98411111111111,0.740777777777778
2011,"43",593,2403,50.41,15.4655555555556,31.2800277777778,1.00656875,2.4375,1.73416666666667,0.740777777777778
2011,"44",225,1365,55.286,16.9744444444444,33.1855,0.34050625,2.41666666666667,2.27422222222222,0.740777777777778
2011,"441",176,877,59.166,19.3644444444444,35.7503055555556,2.210375,2.38333333333333,2.07277777777778,0.740777777777778
2011,"444",224,1399,51.628,15.9833333333333,31.70775,0.356060714285714,2.41666666666667,2.283,0.740777777777778
2011,"45",142,962,50.456,15.6366666666667,31.0623888888889,0.465770833333333,2.875,2.36116666666667,0.740777777777778
2011,"46",43,234,45.582,16.8044444444444,29.77025,0.191291666666667,2.75,7.12705555555556,0.740777777777778
2011,"471",27,127,48.182,13.7833333333333,29.3296944444444,0.325244444444444,2.5125,5.674,0.740777777777778
2011,"48",117,428,43.014,13.3822222222222,26.6279444444444,0.762216666666667,2.83333333333333,9.03044444444444,0.740777777777778
2011,"481",127,587,45.734,13.4288888888889,27.6686666666667,3.29708888888889,3,7.25527777777778,0.740777777777778
2011,"49",198,655,45.08,15.6666666666667,28.8837777777778,0.426977777777778,2.75,8.60005555555555,0.740777777777778
2011,"50",135,582,54.99,18.6066666666667,34.1604166666667,0.4692,1.5,3.7205,0.740777777777778
2011,"500",144,529,44.13,15.3633333333333,28.29425,0.283167857142857,2.75,10.101,0.740777777777778
2011,"501",55,376,47.81,16.4988888888889,30.6209722222222,0.242691666666667,1.91666666666667,5.677,0.740777777777778
2011,"51",36,235,57.792,26.434,40.90875,0.872083333333333,1.58095238095238,2.76705555555556,0.740777777777778
2011,"511",56,1160,57.382,24.3488888888889,38.1269444444444,0.26075,1.25,2.29461111111111,0.740777777777778
2011,"52",134,898,63.718,23.5733333333333,40.7604166666667,0.0178125,1.93333333333333,2.38516666666667,0.740777777777778
2011,"521",462,2090,59.05,19.85,36.0600555555556,0.525934523809524,1.8625,3.21661111111111,0.740777777777778
2011,"53",277,1116,56.636,18.5511111111111,34.7901111111111,0.44440625,2.15,3.60077777777778,0.740777777777778
2011,"54",454,2299,51.838,15.5877777777778,32.1298611111111,0.5070625,2.25,4.22711111111111,0.740777777777778
2011,"55",645,2943,49.894,13.9744444444444,30.3286666666667,0.595659722222222,2.375,4.46177777777778,0.740777777777778
2011,"56",76,483,45.786,13.6066666666667,27.713,6.98165,3,3.94683333333333,0.740777777777778
2011,"58",95,348,54.87,20.5655555555556,35.0906666666667,0.236583333333333,1.375,5.04988888888889,0.740777777777778
2011,"581",90,1089,58.42,23.5511111111111,37.9964722222222,0.198583333333333,1.125,1.64172222222222,0.740777777777778
2011,"6",192,1985,53.332,20.4944444444444,34.4371666666667,0.344416666666667,2.28571428571429,5.43327777777778,0.740777777777778
2011,"61",623,1125,64.446,23.5744444444444,40.8406944444444,0.02125,1.54166666666667,2.50216666666667,0.740777777777778
2011,"62",568,3538,66.296,25.7255555555556,42.6665555555556,8e-04,1.73214285714286,3.53344444444444,0.740777777777778
2011,"65",452,1584,61.128,21.8033333333333,38.4173055555556,0.197988095238095,1.63888888888889,1.61272222222222,0.740777777777778
2011,"66",460,1419,57.34,16.8944444444444,34.6519444444444,0.133883333333333,2.3452380952381,2.90061111111111,0.740777777777778
2011,"67",453,1544,50.55,14.8744444444444,31.5422777777778,0.2550625,1.58333333333333,3.85005555555556,0.740777777777778
2011,"68",125,1723,52.718,14.6533333333333,32.59775,0.079325,1.58333333333333,2.66488888888889,0.740777777777778
2011,"691",18,133,63.734,24.9322222222222,40.9146944444445,0.073,1.05,2.59777777777778,0.740777777777778
2011,"71",350,1942,55.778,18.1755555555556,34.873,0.150888888888889,2.16666666666667,1.76766666666667,0.740777777777778
2011,"711",442,1921,61.076,20.63,38.3004722222222,0.403642857142857,2.16666666666667,3.75827777777778,0.740777777777778
2011,"72",50,274,69.114,27.1955555555556,43.6073333333333,0.01285,1.60714285714286,2.43722222222222,0.740777777777778
2011,"73",84,600,64.154,23.9466666666667,40.0413055555556,0.059,1.27380952380952,2.89155555555556,0.740777777777778
2011,"741",36,212,68.224,26.3055555555556,42.2736111111111,0.0847,1.35714285714286,1.19583333333333,0.740777777777778
2011,"75",335,1429,63.914,23.3988888888889,39.994,0.0816964285714286,1.38888888888889,1.16211111111111,0.740777777777778
2011,"76",321,884,56.86,15.2322222222222,33.7008333333333,8.3728,2.3125,2.307,0.740777777777778
2011,"77",460,2030,65.244,23.9066666666667,39.9158055555556,0.0596666666666667,1,2.15444444444444,0.740777777777778
2011,"771",127,478,67.626,24.5133333333333,40.6229722222222,0.149785714285714,1.25,1.08605555555556,0.740777777777778
2011,"78",368,1645,62.898,21.4588888888889,37.9353333333333,1.7093125,2,2.19088888888889,0.740777777777778
2011,"8",75,768,46.734,17.8044444444444,30.7287777777778,0.22784375,2.31071428571429,6.79272222222222,0.740777777777778
2011,"83",179,587,62.222,21.9822222222222,39.3701666666667,0.183,1.95833333333333,4.44305555555556,0.740777777777778
2011,"85",249,1123,60.982,24.0655555555556,39.9638333333333,0.09125,1.3,3.89116666666667,0.740777777777778
2011,"86",110,916,54.712,20.4377777777778,35.1129722222222,0.712083333333333,1.55,3.77983333333333,0.740777777777778
2011,"861",44,266,58.45,23.6822222222222,38.4977777777778,0.37635,1.625,3.9535,0.740777777777778
2011,"9",30,59,57.814,24.478,39.3764444444444,0.731,1.7,6.09905555555556,0.740777777777778
2012,"1",17,59,58.502,29.0044444444444,41.4953611111111,0.106166666666667,1.45416666666667,3.41911111111111,0.534222222222222
2012,"10",88,215,59.378,30.0555555555556,43.573,0.224,1.45833333333333,4.507,0.534222222222222
2012,"11",558,2848,60.462,25.1111111111111,42.3223888888889,0.22075,1.95833333333333,4.36227777777778,0.534222222222222
2012,"12",1390,4377,49.568,26.6888888888889,38.2205833333333,0.485625,1.58333333333333,5.93705555555556,0.534222222222222
2012,"13",630,1428,55.952,24.8955555555556,41.0725277777778,1.0000625,1.73333333333333,2.79844444444444,0.534222222222222
2012,"131",196,663,53.96,24.6433333333333,39.9572222222222,1.069525,2.2,2.06744444444444,0.534222222222222
2012,"133",3,30,69.922,32.494,49.7984444444444,0.046125,1,3.88794444444444,0.534222222222222
2012,"14",190,1142,43.106,24.1722222222222,33.8597777777778,0.289975,2.38333333333333,4.61027777777778,0.534222222222222
2012,"140",48,125,69.946,29.418,48.8425833333333,0.433875,1.42222222222222,2.48305555555556,0.534222222222222
2012,"141",9,27,71.486,31.916,51.0152777777778,0.1055,1.22222222222222,2.13972222222222,0.534222222222222
2012,"15",375,2658,49.492,24.3355555555556,37.0524166666667,0.255916666666667,2,2.21705555555556,0.534222222222222
2012,"16",145,954,52.424,25.9222222222222,38.86025,0.375,1.65,7.19211111111111,0.534222222222222
2012,"17",168,1193,46.626,24.9155555555556,36.2391944444444,0.33425,2.3,2.78305555555556,0.534222222222222
2012,"18",380,3711,44.44,26.1111111111111,35.08525,0.6585,1.825,2.65983333333333,0.534222222222222
2012,"2",39,138,61.614,27.5422222222222,43.3366666666667,0.02725,1.70833333333333,4.41383333333333,0.534222222222222
2012,"20",48,132,54.36,31.798,41.77175,0.4755,1.48055555555556,3.57966666666667,0.534222222222222
2012,"201",49,89,51.388,24.7088888888889,35.9453611111111,0.027375,1.63095238095238,5.8835,0.534222222222222
2012,"21",362,1911,63.4,31.7566666666667,44.8600555555556,0.0915,1.58333333333333,5.18683333333333,0.534222222222222
2012,"211",492,2023,58.844,22.4155555555556,40.8601666666667,0.361166666666667,1.83333333333333,4.07738888888889,0.534222222222222
2012,"23",741,3447,58.7,27.5411111111111,42.9118055555556,0.697375,1.83333333333333,4.14394444444444,0.534222222222222
2012,"231",196,956,45.186,24.67,34.9721666666667,0.5914375,2.55,7.53105555555556,0.534222222222222
2012,"24",729,3108,47.768,26.1322222222222,36.8206944444444,0.3635,2.03333333333333,4.96188888888889,0.534222222222222
2012,"25",149,1249,44.568,23.9966666666667,34.0629166666667,0.914916666666667,2.35833333333333,4.26661111111111,0.534222222222222
2012,"27",129,1058,47.92,23.6655555555556,35.8569166666667,0.297041666666667,2.1,2.241,0.534222222222222
2012,"29",18,76,64.276,35.686,47.2416388888889,0.936875,1.38571428571429,1.81994444444444,0.534222222222222
2012,"3",238,1754,56.262,26.1388888888889,41.0886666666667,0.417166666666667,1.39285714285714,7.14738888888889,0.534222222222222
2012,"30",148,933,64.592,35.334,49.1058888888889,1.1975,1.16666666666667,1.08361111111111,0.534222222222222
2012,"301",174,1242,57.068,26.5911111111111,41.7545,0.89725,1.75,4.07605555555556,0.534222222222222
2012,"31",176,904,58.508,36.6355555555556,46.1270833333333,0.24925,1.58333333333333,3.37144444444444,0.534222222222222
2012,"32",83,499,51.72,29.8333333333333,39.7978333333333,1.330125,1.83333333333333,3.7885,0.534222222222222
2012,"34",126,792,41.204,23.5144444444444,32.0140555555556,0.355625,2.35833333333333,4.23833333333333,0.534222222222222
2012,"36",180,1162,46.206,22.9477777777778,34.9606944444444,0.674833333333333,2.45,1.81766666666667,0.534222222222222
2012,"37",234,1466,45.3,23.1388888888889,34.4386388888889,0.448125,2.45,2.19477777777778,0.534222222222222
2012,"371",126,820,41.252,22.106,31.81875,0.5775,2.55,3.59344444444444,0.534222222222222
2012,"38",54,597,48.662,29.34,38.1025833333333,0.2833125,1.76111111111111,2.83972222222222,0.534222222222222
2012,"39",44,318,44.698,25.95,34.96025,0.351541666666667,2.425,3.32588888888889,0.534222222222222
2012,"391",5,33,62.98,32.072,45.5628888888889,0.163583333333333,1.3,3.78727777777778,0.534222222222222
2012,"40",123,207,59.638,32.7,45.10575,0.276875,1.33333333333333,3.65411111111111,0.534222222222222
2012,"41",219,1112,57.022,31.2,43.2501944444444,0.31075,1.5,2.11855555555556,0.534222222222222
2012,"411",68,449,60.944,31.7622222222222,45.9585,0.25875,1.33333333333333,2.36955555555556,0.534222222222222
2012,"42",566,2383,54.178,27.9488888888889,40.6836666666667,0.531625,1.86666666666667,1.72,0.534222222222222
2012,"43",463,2345,45.516,22.2666666666667,33.597,0.7733125,1.98333333333333,2.98111111111111,0.534222222222222
2012,"44",152,1584,49.186,22.8755555555556,35.8294722222222,1.675375,2.16666666666667,2.03,0.534222222222222
2012,"441",227,877,54.072,25.0333333333333,40.07325,0.866575,2.03333333333333,2.38294444444444,0.534222222222222
2012,"444",219,1316,45.85,22.702,34.2024722222222,1.066625,2.08333333333333,2.64105555555556,0.534222222222222
2012,"45",176,1063,45.22,21.844,33.7717222222222,0.513041666666667,2.35,2.28322222222222,0.534222222222222
2012,"46",25,240,41.968,23.868,32.7299444444444,0.21825,1.63333333333333,6.33,0.534222222222222
2012,"471",42,195,43.714,20.998,31.9400833333333,0.307625,2.29166666666667,6.65977777777778,0.534222222222222
2012,"48",100,364,38.87,18.662,28.7211388888889,0.14275,2.65,8.36333333333333,0.534222222222222
2012,"481",97,458,41.224,20.614,30.2080833333333,2.60520833333333,2.675,6.592,0.534222222222222
2012,"49",214,595,41.336,21.608,31.5267777777778,0.301354166666667,2.45833333333333,7.46027777777778,0.534222222222222
2012,"50",84,644,51.46,23.554,37.2323333333333,0.0742083333333333,1.5,3.99838888888889,0.534222222222222
2012,"500",147,543,39.84,22.38,30.7991111111111,0.364333333333333,1.83333333333333,9.319,0.534222222222222
2012,"501",58,338,45.458,22.482,33.7071944444444,0.11175,1.71666666666667,3.72705555555556,0.534222222222222
2012,"51",45,233,61.5,32.304,45.0768055555556,0.411875,1.54166666666667,2.4735,0.534222222222222
2012,"511",87,1237,58.592,26.816,41.6628611111111,0.086,1.25,2.09488888888889,0.534222222222222
2012,"52",161,1015,57.568,25.8988888888889,41.6185277777778,0.174125,1.53333333333333,1.772,0.534222222222222
2012,"521",463,1803,51.802,26.6655555555556,38.8893611111111,0.231125,1.86666666666667,2.47911111111111,0.534222222222222
2012,"53",284,1288,50.274,26.1588888888889,37.772,0.03125,1.83333333333333,3.126,0.534222222222222
2012,"54",424,2334,46.17,22.2277777777778,33.8249166666667,0.3835,2.5,3.79683333333333,0.534222222222222
2012,"55",377,2936,45.224,21.2755555555556,32.7615833333333,1.189,2.29166666666667,4.40388888888889,0.534222222222222
2012,"56",36,380,40.134,21.3766666666667,30.1883888888889,7.96154166666667,2.83333333333333,3.15938888888889,0.534222222222222
2012,"58",99,382,52.904,25.848,38.4705833333333,0.0685,1.25,4.74761111111111,0.534222222222222
2012,"581",83,1184,59.834,24.258,41.5226666666667,0.0451666666666667,1.3,1.64361111111111,0.534222222222222
2012,"6",311,2037,50.404,25.7744444444444,38.1562222222222,0.259541666666667,1.825,5.75688888888889,0.534222222222222
2012,"61",584,1076,58.026,29.2944444444444,42.8902777777778,0.21675,2,2.72433333333333,0.534222222222222
2012,"62",571,3718,60.98,29.98,45.1758888888889,0.125125,1.33333333333333,2.92294444444444,0.534222222222222
2012,"65",451,1583,55.28,26.57,40.3855833333333,0.222208333333333,1.78333333333333,1.61122222222222,0.534222222222222
2012,"66",487,1464,53.494,20.23,36.2006388888889,0.2365,2.25,2.42905555555556,0.534222222222222
2012,"67",435,1541,46.492,22.5055555555556,33.8484166666667,0.519625,3,4.24094444444444,0.534222222222222
2012,"68",136,1663,49.798,23.4933333333333,35.5279166666667,0.4085,1.33333333333333,3.686,0.534222222222222
2012,"691",6,138,65.436,24.994,44.0635833333333,0.13975,1.25,2.87005555555556,0.534222222222222
2012,"71",296,1986,53.44,24.16,37.4167777777778,0.0901666666666667,1.93333333333333,2.089,0.534222222222222
2012,"711",324,1684,57.502,27.2588888888889,41.2941666666667,0.70925,0.916666666666667,4.32222222222222,0.534222222222222
2012,"72",41,401,65.676,33.5511111111111,48.7213333333333,0,0.75,2.69061111111111,0.534222222222222
2012,"73",112,599,58.136,31.1788888888889,44.1138333333333,0.1105,0.916666666666667,4.11444444444444,0.534222222222222
2012,"741",32,206,64.018,29.0988888888889,45.0205555555556,0.109,1.16666666666667,2.3395,0.534222222222222
2012,"75",266,1584,61.622,28.74,43.0660555555556,0.14675,1.25,1.61238888888889,0.534222222222222
2012,"76",312,849,55.142,17.41,35.8705277777778,4.765625,0.833333333333333,2.44683333333333,0.534222222222222
2012,"77",359,2328,59.434,24.81,40.2970555555556,0.176375,0.833333333333333,4.737,0.534222222222222
2012,"771",51,446,63.896,23.0388888888889,42.1310555555556,0.33425,0.583333333333333,1.47438888888889,0.534222222222222
2012,"78",275,1980,59.476,24.9322222222222,40.5258333333333,0.23475,0.45,1.93027777777778,0.534222222222222
2012,"8",62,785,43.784,25.92,34.4845277777778,0.459541666666667,1.93888888888889,6.60083333333333,0.534222222222222
2012,"83",75,656,60.684,22.636,42.221,0,1.25,3.433,0.534222222222222
2012,"85",207,1296,61.066,26.72,43.094,0.0412083333333333,1.55555555555556,3.38783333333333,0.534222222222222
2012,"86",116,1047,50.302,26.4255555555556,37.3664166666667,0.36825,1.5,4.44233333333333,0.534222222222222
2012,"861",40,256,57.248,27.9988888888889,41.6191666666667,0.2095,1.66666666666667,4.11466666666667,0.534222222222222
2012,"9",20,53,63.158,29.9411111111111,44.2843611111111,0.379125,2.375,5.31061111111111,0.534222222222222
2013,"1",19,56,58.9688888888889,26.2144444444444,38.848,0.0928333333333333,2.08333333333333,2.2035,0.689
2013,"10",103,262,57.7511111111111,27.3377777777778,40.0468611111111,0.184125,1.66666666666667,2.953,0.689
2013,"11",678,3228,58.8455555555556,23.0688888888889,38.64525,0.271479166666667,1.65,2.39522222222222,0.689
2013,"12",1265,4313,52.9066666666667,23.1566666666667,35.4278611111111,0.386083333333333,2.45,4.00661111111111,0.689
2013,"13",658,1763,57.11,21.3911111111111,37.5224444444444,1.096025,2.14880952380952,1.83294444444444,0.689
2013,"131",173,696,56.7255555555556,20.3633333333333,36.7136666666667,1.4432375,2.39047619047619,1.05733333333333,0.689
2013,"133",7,23,63.7144444444444,34.07,48.4137222222222,0.00475,1,2.01561111111111,0.689
2013,"14",191,1092,44.5311111111111,20.9222222222222,30.5488888888889,2.279925,2.40714285714286,3.01372222222222,0.689
2013,"140",46,162,64.0488888888889,32.7688888888889,48.1154444444444,0.001,1,2.90611111111111,0.689
2013,"141",2,25,65.5977777777778,35.1333333333333,50.163,0,0.75,3.61511111111111,0.689
2013,"15",269,2618,50.6233333333333,20.9566666666667,34.0467777777778,0.19425,2.15238095238095,1.44422222222222,0.689
2013,"16",199,967,51.05,23.2644444444444,35.8511111111111,0.295625,2.675,5.706,0.689
2013,"17",151,1161,48.1811111111111,22.2288888888889,33.1696388888889,0.48525,2.12857142857143,2.00583333333333,0.689
2013,"18",510,3694,45.36,23.838,32.4771944444444,1.39877083333333,2.27222222222222,2.75466666666667,0.689
2013,"2",37,102,60.6355555555556,25.6444444444444,40.2271944444445,0.2215,1.75,2.55,0.689
2013,"20",29,65,52.1277777777778,29.52,39.3795555555556,0.155791666666667,1.5125,3.02661111111111,0.689
2013,"201",68,133,53.4777777777778,22.2922222222222,34.8551388888889,0.0841666666666667,2.125,3.917,0.689
2013,"21",305,1641,61.6644444444444,29.6166666666667,42.4533055555556,0.121833333333333,1.95833333333333,3.76005555555556,0.689
2013,"211",410,2393,57.4344444444444,19.7688888888889,36.5807222222222,0.58575,1.875,1.34794444444444,0.689
2013,"23",520,3440,59.1955555555556,24.2666666666667,39.7128888888889,0.467916666666667,1.9,1.83166666666667,0.689
2013,"231",167,916,46.57,20.6966666666667,31.9891944444444,0.60325,2.28571428571429,5.16622222222222,0.689
2013,"24",563,3047,50.2833333333333,22.8722222222222,34.3386944444444,0.191833333333333,2.22083333333333,3.30527777777778,0.689
2013,"25",102,888,46.5088888888889,20.8333333333333,31.7712222222222,0.503916666666667,2.6125,2.87322222222222,0.689
2013,"27",123,1071,48.8688888888889,20.3611111111111,32.8919444444444,0.44075,2.05714285714286,1.4715,0.689
2013,"29",17,66,58.2277777777778,34.324,45.2059444444444,0.004625,1.25,1.79833333333333,0.689
2013,"3",329,2158,56.7133333333333,22.3544444444444,37.0925277777778,0.4285,1.83333333333333,4.9145,0.689
2013,"30",224,1068,64.4577777777778,31.0222222222222,46.5618055555556,0.10625,1.5,0.833888888888889,0.689
2013,"301",190,1201,57.5677777777778,22.8944444444444,37.80175,0.687583333333333,2.125,2.36755555555556,0.689
2013,"31",141,788,57.8877777777778,33.1111111111111,43.5688055555556,0.14025,1.08333333333333,2.52666666666667,0.689
2013,"32",109,569,54.5366666666667,27.6722222222222,37.8244166666667,1.82483333333333,1.8,3.15938888888889,0.689
2013,"34",84,854,43.1855555555556,21.8666666666667,30.5669444444444,0.0945208333333333,2.73333333333333,1.51655555555556,0.689
2013,"36",165,1259,48.88,20.1955555555556,32.9835,0.40655,2.61666666666667,1.51416666666667,0.689
2013,"37",87,1312,48.0588888888889,20.9911111111111,32.6178333333333,0.4346875,2.60833333333333,1.70933333333333,0.689
2013,"371",143,821,43.1722222222222,19.754,29.731,0.795725,3,2.7105,0.689
2013,"38",75,599,48.32,27.254,36.2541944444444,0.232458333333333,1.79166666666667,2.22922222222222,0.689
2013,"39",57,370,45.1855555555556,23.706,32.8365277777778,0.379145833333333,2.3,2.27022222222222,0.689
2013,"391",19,42,54.7011111111111,29.7355555555556,41.51925,0.034875,1.5,4.61277777777778,0.689
2013,"40",92,232,57.9388888888889,29.9011111111111,41.9965277777778,0.05525,1.25,2.63372222222222,0.689
2013,"41",259,1415,57.2144444444444,28.1488888888889,40.5083055555556,0.08125,1.25,1.40277777777778,0.689
2013,"411",65,521,60.6311111111111,28.8244444444444,43.3158611111111,0.10175,1.25,1.57066666666667,0.689
2013,"42",509,2798,55.9188888888889,24.1433333333333,38.0855833333333,0.131416666666667,1.7875,1.25994444444444,0.689
2013,"43",402,2022,45.8566666666667,19.9966666666667,31.1863611111111,0.856916666666667,2.8,1.01772222222222,0.689
2013,"44",200,1520,51.2555555555556,18.7422222222222,33.6912222222222,1.0311625,2.9,1.38244444444444,0.689
2013,"441",188,1036,55.8677777777778,20.8966666666667,36.5710277777778,1.08865,2.22380952380952,1.42677777777778,0.689
2013,"444",218,1477,47.5,19.48,32.0549444444444,0.599404166666667,2.9,1.64611111111111,0.689
2013,"45",141,1079,47.0988888888889,19.5077777777778,31.5167777777778,0.443266666666667,2.9,1.74866666666667,0.689
2013,"46",43,237,43.6522222222222,21.444,30.62125,0.221708333333333,2.425,4.01083333333333,0.689
2013,"471",30,189,45.4033333333333,14.9411111111111,28.7304166666667,0.4115,2.75,3.03683333333333,0.689
2013,"48",108,345,40.6077777777778,10.7055555555556,24.20975,0.38330119047619,3,3.16594444444444,0.689
2013,"481",81,466,40.98,16.594,26.2171944444444,3.416,2.9,4.95638888888889,0.689
2013,"49",179,577,43.4822222222222,16.2277777777778,27.8735555555556,0.5487,2.80357142857143,3.35827777777778,0.689
2013,"50",81,618,51.3877777777778,23.6811111111111,34.9710277777778,0.1240625,2.16666666666667,2.50027777777778,0.689
2013,"500",79,506,41.7088888888889,19.27,28.6464722222222,0.451933333333333,2.875,6.46377777777778,0.689
2013,"501",59,354,46.0055555555556,21.07,31.7135833333333,0.0926666666666667,2.875,4.132,0.689
2013,"51",37,217,57.1366666666667,31.1055555555556,42.8059722222222,0.00675,1.45,2.23655555555556,0.689
2013,"511",85,1457,55.1244444444444,27.4244444444444,39.4869444444444,0.0585416666666667,2.08333333333333,1.83127777777778,0.689
2013,"52",253,1153,57.8588888888889,24.0744444444444,39.4191388888889,0.20375,1.43333333333333,1.12944444444444,0.689
2013,"521",660,2431,53.4055555555556,22.5122222222222,35.8922777777778,0.18225,1.925,3.0015,0.689
2013,"53",231,1216,50.9811111111111,22.9477777777778,34.6704166666667,0.515666666666667,2.075,3.04827777777778,0.689
2013,"54",528,2236,46.6811111111111,18.9577777777778,31.1632222222222,0.192666666666667,2.65,3.3905,0.689
2013,"55",413,2796,45.29,18.1155555555556,29.8867777777778,1.02595833333333,2.9,3.21055555555556,0.689
2013,"56",57,381,39.2811111111111,17.922,26.7796944444444,9.12185416666667,2.65,6.12444444444444,0.689
2013,"58",57,365,51.6222222222222,24.212,35.6845555555556,0.109666666666667,2.25,3.58033333333333,0.689
2013,"581",60,1328,56.4788888888889,26.3666666666667,39.4620555555556,0.066,2.33333333333333,1.44422222222222,0.689
2013,"6",304,2308,50.3655555555556,26.032,35.3805555555556,0.0983333333333333,2.21666666666667,4.32983333333333,0.689
2013,"61",491,1198,56.9266666666667,27.7255555555556,40.0388055555556,0.035875,1.3,1.69277777777778,0.689
2013,"62",433,3635,60.7633333333333,27.66,42.9897777777778,0.09275,1.25,1.95038888888889,0.689
2013,"65",367,1583,54.0533333333333,24.2977777777778,38.27825,0.356875,1.92222222222222,1.804,0.689
2013,"66",401,1442,50.6066666666667,19.63,34.2285555555556,0.134458333333333,2.24166666666667,2.13844444444444,0.689
2013,"67",367,1513,45.2877777777778,19.694,31.1846944444444,0.641,2.5,3.38005555555556,0.689
2013,"68",96,1619,47.1744444444444,21.4011111111111,32.6806666666667,0.345166666666667,2.33333333333333,3.12405555555556,0.689
2013,"691",6,92,63.2477777777778,24.4577777777778,41.7748055555556,0.142375,1.5,2.41472222222222,0.689
2013,"71",336,1831,49.3333333333333,23.7744444444444,34.5757777777778,0.0811666666666667,1.99861111111111,1.67644444444444,0.689
2013,"711",314,1852,56.1833333333333,26.0622222222222,38.50775,0.0295,1.41666666666667,2.99738888888889,0.689
2013,"72",43,368,63.8877777777778,25.2144444444444,43.9292222222222,0,0.5,2.12666666666667,0.689
2013,"73",95,549,57.4255555555556,27.7611111111111,40.8099444444444,0.021,1.25,3.65761111111111,0.689
2013,"741",24,213,61.3444444444444,26.5377777777778,42.8948888888889,0,1,1.78255555555556,0.689
2013,"75",282,1386,56.1888888888889,27.5622222222222,39.9575277777778,0.07675,1.25,1.01377777777778,0.689
2013,"76",215,802,50.2277777777778,19.9666666666667,33.7282222222222,14.1355,2.375,2.67944444444444,0.689
2013,"77",538,2451,56.7744444444444,23.8933333333333,38.8028055555556,0.3315,1.70833333333333,4.19377777777778,0.689
2013,"771",77,488,59.83,22.5833333333333,40.9705833333333,0.241875,1.75,1.0705,0.689
2013,"78",363,1679,55.9633333333333,23.44,38.9574166666667,3.28591666666667,2.1,1.55922222222222,0.689
2013,"8",125,794,44.6722222222222,22.858,31.6026111111111,0.349604166666667,2.45833333333333,5.95472222222222,0.689
2013,"83",115,717,56.87,24.9977777777778,40.27425,0.128375,1.75,3.20205555555556,0.689
2013,"85",251,1269,55.8533333333333,27.33,40.8035833333333,0.069875,1.57142857142857,3.23738888888889,0.689
2013,"86",132,1028,48.0088888888889,27.1033333333333,35.0741666666667,0.23825,1.89285714285714,3.095,0.689
2013,"861",21,221,53.5688888888889,27.7322222222222,39.1245833333333,0.1545,1.49285714285714,3.58827777777778,0.689
2013,"9",15,49,58.2866666666667,30.6188888888889,43.0193611111111,0.02375,1.41666666666667,5.09238888888889,0.689
2014,"1",13,56,63.0366666666667,9.518,39.13,0.0575,1.5,2.77483333333333,0.698
2014,"10",136,252,66.5522222222222,12.728,41.5401111111111,0.020625,1.5,3.02427777777778,0.698
2014,"11",718,3924,67.5655555555556,6,39.0548333333333,0.122,1.7,3.83922222222222,0.698
2014,"12",1022,4295,60.0266666666667,10.208,37.7554722222222,0.2303125,1.625,4.11777777777778,0.698
2014,"13",541,1573,66.5988888888889,7.214,38.4362777777778,0.323775,1.83333333333333,2.25066666666667,0.698
2014,"131",157,672,65.4066666666667,8.702,37.6807777777778,0.374016666666667,2.04166666666667,1.17122222222222,0.698
2014,"133",31,45,74.0055555555556,12.05,48.2871388888889,0.041125,1.08333333333333,2.31933333333333,0.698
2014,"14",221,1357,53.4922222222222,5.064,32.10925,1.6359125,1.82222222222222,2.55827777777778,0.698
2014,"140",62,103,72.1577777777778,10.79,46.6409722222222,0.21325,1.375,2.65905555555556,0.698
2014,"141",0,17,74.4933333333333,11.44,48.6550555555556,0.1071875,1.25,3.11405555555556,0.698
2014,"15",235,2603,59.2011111111111,9.378,35.9288055555556,0.098575,1.75,1.40894444444444,0.698
2014,"16",90,964,63.3344444444444,6.018,37.293,0.139175,1.66666666666667,5.02,0.698
2014,"17",211,1272,57.0755555555556,7.766,34.5211111111111,0.319316666666667,1.76666666666667,2.03605555555556,0.698
2014,"18",312,3713,54.4888888888889,7.676,34.2136666666667,0.877375,1.82222222222222,2.57294444444444,0.698
2014,"2",42,110,67.5666666666667,9.212,40.6734166666667,0.028375,1.5,3.12994444444444,0.698
2014,"20",45,111,62.8422222222222,6.63,40.24025,0.04495,1.5,2.34544444444444,0.698
2014,"201",67,116,57.0688888888889,5.574,34.1465833333333,0.0685,1.75,4.62155555555556,0.698
2014,"21",197,1803,67.2055555555555,12.422,42.3916666666667,0.039125,1.75,4.42055555555556,0.698
2014,"211",372,2028,67.06,3.84,37.6002222222222,0.251625,1.75,2.79716666666667,0.698
2014,"23",424,3099,67.7344444444444,10.582,40.6395833333333,0.3845625,1.7,2.44316666666667,0.698
2014,"231",148,888,54.3244444444444,8.382,34.4,0.229633333333333,1.875,4.48338888888889,0.698
2014,"24",395,2507,57.1188888888889,10.338,36.6352777777778,0.20575,1.6,3.57372222222222,0.698
2014,"25",140,890,53.2166666666667,9.046,34.3594444444444,0.393291666666667,2.05,2.50238888888889,0.698
2014,"27",81,1117,57.2855555555556,8.304,34.5286388888889,0.2557,1.76666666666667,1.39455555555556,0.698
2014,"29",20,64,71.3322222222222,7.002,44.3806944444444,0.1179,1.5,1.33138888888889,0.698
2014,"3",410,2350,65.1755555555556,3.14,37.0483888888889,0.1015,1.61111111111111,6.6055,0.698
2014,"30",124,835,72.99,21.618,48.0206944444444,0.02375,1.5,1.245,0.698
2014,"301",300,1347,67.1088888888889,5.044,38.3011388888889,0.033125,1,3.799,0.698
2014,"31",204,823,71.4577777777778,17.782,45.6013888888889,0,0.75,3.446,0.698
2014,"32",78,551,61.2833333333333,8.068,39.04575,0.1924375,1.75,3.91244444444444,0.698
2014,"34",58,831,50.5744444444444,9.744,33.4555277777778,0.20475,2.05,1.57877777777778,0.698
2014,"36",168,1142,55.2844444444444,9.708,34.5746388888889,0.286425,2.125,1.24822222222222,0.698
2014,"37",204,1279,54.9188888888889,8.622,33.8986111111111,0.415020833333333,2.125,1.38433333333333,0.698
2014,"371",127,786,50.1066666666667,7.968,31.5015,2.177,2.125,2.94211111111111,0.698
2014,"38",84,639,58.5933333333333,9.74,38.1796111111111,0.14355,1.5625,1.69244444444444,0.698
2014,"39",55,337,53.6011111111111,9.37,34.72025,0.167083333333333,1.83928571428571,1.84627777777778,0.698
2014,"391",4,35,69.9655555555556,6.144,42.5261944444444,0.13295,1.5,4.37933333333333,0.698
2014,"40",118,219,67.7288888888889,17.632,44.2036388888889,0.0114166666666667,1.5,2.82594444444444,0.698
2014,"41",230,1552,65.3711111111111,17.638,42.8505833333333,0.0376666666666667,1.625,2.10983333333333,0.698
2014,"411",69,583,68.7977777777778,19.522,45.1365555555556,0.044,1.45833333333333,1.85927777777778,0.698
2014,"42",488,2738,61.3555555555556,16.84,40.5869444444444,0.30335,1.75,1.40944444444444,0.698
2014,"43",257,1751,49.5255555555556,10.662,32.4978611111111,0.9091875,1.95,1.81638888888889,0.698
2014,"44",113,1283,58.2822222222222,11.4,36.1311111111111,0.29535,1.83333333333333,1.90755555555556,0.698
2014,"441",259,945,64.8044444444444,7.916,37.4856111111111,0.2932,2.125,1.4795,0.698
2014,"444",131,1293,53.5177777777778,11.64,34.4458055555556,0.3028,2.25,1.98772222222222,0.698
2014,"45",68,874,53.4133333333333,9.432,33.446,0.890875,2.125,1.75838888888889,0.698
2014,"46",36,176,50.69,8.588,32.4546111111111,0.193270833333333,2.05,4.18505555555556,0.698
2014,"471",22,179,49.4444444444444,9.56,31.7956388888889,0.5093375,2.33333333333333,3.83316666666667,0.698
2014,"48",82,308,46.9322222222222,6.88,29.5288333333333,0.39875,2.25,6.924,0.698
2014,"481",114,425,47.0988888888889,8.588,30.1245277777778,3.9787,2.48333333333333,5.78633333333333,0.698
2014,"49",222,607,49.4388888888889,8.702,31.49925,1.1243375,2.25,6.93777777777778,0.698
2014,"50",82,593,58.2233333333333,8.564,36.2816111111111,0.119425,2.08333333333333,2.17483333333333,0.698
2014,"500",117,509,48.65,7.628,30.8059166666667,1.2478125,2.08333333333333,7.52094444444444,0.698
2014,"501",73,334,53.4422222222222,7.352,33.166,0.09225,2.08333333333333,2.90761111111111,0.698
2014,"51",58,206,68.6255555555556,4.994,42.2588888888889,0.113875,1.4,2.10433333333333,0.698
2014,"511",60,1118,63.9755555555556,9.244,40.9513055555556,0.0611,1.5,1.82255555555556,0.698
2014,"52",150,1282,65.7233333333333,17.724,41.6680833333333,0.227,1.45833333333333,1.04477777777778,0.698
2014,"521",546,2389,60.1788888888889,15.908,38.4577777777778,0.2933,1.71428571428571,3.60105555555556,0.698
2014,"53",228,1336,56.4177777777778,15.962,37.2086388888889,0.879783333333333,1.71428571428571,3.12516666666667,0.698
2014,"54",245,2231,52.01,12.02,33.6136388888889,0.615458333333333,1.8875,2.32922222222222,0.698
2014,"55",368,2709,50.9044444444444,11.404,32.8180277777778,1.0426875,2.23333333333333,3.16727777777778,0.698
2014,"56",57,275,46.2566666666667,9.696,30.1904166666667,25.94,2.375,6.07166666666667,0.698
2014,"58",88,306,57.9766666666667,9.708,37.1145833333333,0.07515,1.66666666666667,2.89422222222222,0.698
2014,"581",91,992,64.5311111111111,9.368,41.0348888888889,0.0663,1.75,1.29538888888889,0.698
2014,"6",263,2551,59.9044444444444,5.644,36.3304444444444,0.1085625,1.80952380952381,3.91977777777778,0.698
2014,"61",551,1219,63.3466666666667,18.422,42.4271111111111,0.077,1.5,2.00594444444444,0.698
2014,"62",647,3290,67.6066666666667,19.7,44.76775,0.0519166666666667,1.375,2.19622222222222,0.698
2014,"65",272,1268,62.0022222222222,17.796,40.64925,0.358520833333333,1.71428571428571,1.90105555555556,0.698
2014,"66",342,1187,57.2588888888889,14.202,36.8537777777778,0.325791666666667,2,2.15038888888889,0.698
2014,"67",196,1240,51.3144444444444,12.054,34.3431666666667,0.476916666666667,2.125,4.21861111111111,0.698
2014,"68",136,1655,53.0955555555556,14.806,35.7746111111111,0.265375,1.79166666666667,3.35083333333333,0.698
2014,"691",0,56,69.2322222222222,6.876,41.6763055555556,0.091,1.5,2.44644444444444,0.698
2014,"71",338,1725,53.6,20.674,38.081,0.0935,1.625,1.908,0.698
2014,"711",208,1631,61.3655555555556,20.562,41.5639444444444,0.0555,1.08333333333333,4.00138888888889,0.698
2014,"72",89,404,69.9688888888889,27.804,47.1898611111111,0.04925,0.875,2.99166666666667,0.698
2014,"73",81,715,63.4277777777778,24.974,44.3043333333333,0.48925,1.29166666666667,3.77983333333333,0.698
2014,"741",32,208,67.0044444444444,26.622,45.469,0.0405,1.125,1.46005555555556,0.698
2014,"75",239,1243,61.4988888888889,24.846,43.1151944444444,0.0685,1.41666666666667,1.06022222222222,0.698
2014,"76",227,759,56.0666666666667,17.72,37.9722777777778,2.60885416666667,2,1.95733333333333,0.698
2014,"77",369,2760,60.6722222222222,22.838,41.1906944444444,0.1050625,1.66666666666667,4.36172222222222,0.698
2014,"771",45,624,65.8688888888889,27.106,44.3715833333333,0.23025,1.5,1.11133333333333,0.698
2014,"78",232,1549,60.9755555555556,25.234,41.8031388888889,1.50125,1.625,1.47322222222222,0.698
2014,"8",42,649,54.5655555555556,3.66,33.0591388888889,0.227458333333333,2.04761904761905,5.26544444444444,0.698
2014,"83",61,662,64.7433333333333,16.776,42.4931111111111,0.11875,1.5,2.521,0.698
2014,"85",172,1154,63.3711111111111,13.176,42.1751944444444,0.11025,1.33333333333333,2.36655555555556,0.698
2014,"86",34,1029,54.2522222222222,10.53,35.8938333333333,0.289625,1.75,2.90894444444444,0.698
2014,"861",15,186,61.5588888888889,11.588,39.6830277777778,0.1738125,1.5,2.67516666666667,0.698
2014,"9",24,52,71.18,4.346,41.9853888888889,0.07195,1.5,5.54472222222222,0.698
2015,"1",18,53,73.39,21.75,44.7,0.423375,1.65,3.02566666666667,0.489666666666667
2015,"10",93,216,74.942,23.64,46.2721944444444,0.12025,1.5,2.91933333333333,0.489666666666667
2015,"11",959,3912,76.12,21.224,44.8353611111111,0.690625,1.58333333333333,3.83227777777778,0.489666666666667
2015,"12",1227,4641,67.026,20.932,40.7852222222222,0.579416666666667,1.75,3.33338888888889,0.489666666666667
2015,"13",571,1516,73.268,19.186,43.3083888888889,0.8225,1.55,2.47783333333333,0.489666666666667
2015,"131",156,696,71.53,17.004,41.5133333333333,1.08797916666667,1.58333333333333,1.38044444444444,0.489666666666667
2015,"133",6,25,81.568,33.164,54.7481944444444,0,0.5,1.53994444444444,0.489666666666667
2015,"14",223,1295,60.034,18.264,36.31225,4.96765833333333,1.88888888888889,2.18222222222222,0.489666666666667
2015,"140",48,186,81.206,28.832,52.91725,0,0.5,3.74311111111111,0.489666666666667
2015,"141",13,23,83.292,31.744,55.4151944444444,0,0.5,3.7785,0.489666666666667
2015,"15",278,2544,66.4,16.436,38.8415,0.714916666666667,1.66666666666667,1.22088888888889,0.489666666666667
2015,"16",144,1013,70.862,21.242,42.4663333333333,0.171791666666667,1.75,4.29177777777778,0.489666666666667
2015,"17",210,1256,64.298,18.338,38.2679444444444,5.734975,1.88888888888889,1.86488888888889,0.489666666666667
2015,"18",348,4032,61.124,22.794,38.8244444444444,1.42965,1.94444444444444,2.23744444444444,0.489666666666667
2015,"2",57,97,76.202,22.738,45.8754722222222,0.3155875,1.72222222222222,3.49938888888889,0.489666666666667
2015,"20",53,126,70.726,30.846,46.7171666666667,0.166958333333333,1.58333333333333,2.47911111111111,0.489666666666667
2015,"201",77,130,67.798,19.39,39.8985555555556,0.30515,1.77777777777778,5.21016666666667,0.489666666666667
2015,"21",270,1673,76.244,23.878,47.0690555555556,0.910875,1.20833333333333,4.03855555555556,0.489666666666667
2015,"211",509,1880,75.172,16.856,42.8376388888889,0.549875,1.5,2.19483333333333,0.489666666666667
2015,"23",562,3078,76.522,21.47,45.8790277777778,0.506291666666667,1.75,1.7765,0.489666666666667
2015,"231",138,857,61.218,19.19,37.4108888888889,2.16216666666667,1.58333333333333,2.93122222222222,0.489666666666667
2015,"24",447,2824,64.868,20.542,39.6408888888889,1.33908333333333,1.75,3.25277777777778,0.489666666666667
2015,"25",77,864,60.868,19.398,37.2673333333333,0.1404375,2.25,2.82466666666667,0.489666666666667
2015,"27",83,1092,64.588,15.162,37.4472777777778,7.436325,1.77777777777778,1.19672222222222,0.489666666666667
2015,"29",33,88,78.134,33.156,51.9583055555556,0.0035,1.08333333333333,1.38816666666667,0.489666666666667
2015,"3",552,2612,74.056,20.64,42.8901388888889,0.087,2,7.08738888888889,0.489666666666667
2015,"30",111,672,80.758,29.078,51.9205,0,0.75,0.770166666666667,0.489666666666667
2015,"301",214,1218,74.514,20.19,44.0525833333333,0.19325,1.58333333333333,3.96183333333333,0.489666666666667
2015,"31",183,967,77.834,25.8,49.8410555555556,0.06075,1.25,3.25522222222222,0.489666666666667
2015,"32",144,612,69.768,22.408,43.2046944444444,1.85,2,3.72872222222222,0.489666666666667
2015,"34",124,748,58.376,20.836,36.4033611111111,0.0875416666666667,1.5,1.59011111111111,0.489666666666667
2015,"36",149,1203,63.056,15.744,37.1460277777778,0.5679,1.75,1.18466666666667,0.489666666666667
2015,"37",123,1318,62.456,17.224,36.9016388888889,0.534833333333333,1.79464285714286,1.34894444444444,0.489666666666667
2015,"371",71,809,57.194,16.388,34.8004166666667,1.3795625,2,2.88338888888889,0.489666666666667
2015,"38",69,534,65.112,28.852,43.3363888888889,0.314625,1.51785714285714,1.95727777777778,0.489666666666667
2015,"39",60,280,60.428,22.466,38.2918333333333,0.8620125,1.91964285714286,1.67288888888889,0.489666666666667
2015,"391",8,38,75.766,29.252,49.0306666666667,0.479125,1.16666666666667,3.71811111111111,0.489666666666667
2015,"40",143,237,74.23,24.642,46.9793055555556,0.7185,1.5,2.57466666666667,0.489666666666667
2015,"41",203,1383,72.44,22.448,44.6441666666667,0.901,1.58333333333333,1.54944444444444,0.489666666666667
2015,"411",54,398,75.944,24.948,47.74875,0.244,1.41666666666667,1.47866666666667,0.489666666666667
2015,"42",587,2669,69.12,21.946,42.6897222222222,0.632083333333333,1.875,1.37588888888889,0.489666666666667
2015,"43",316,1436,58.474,16.674,34.89675,0.656041666666667,2.25,1.566,0.489666666666667
2015,"44",157,1117,66.414,15.78,38.6513888888889,0.464425,1.75,1.18783333333333,0.489666666666667
2015,"441",297,931,71.286,18.264,41.9294722222222,0.78675,1.58333333333333,1.81005555555556,0.489666666666667
2015,"444",131,1249,61.54,16.61,36.6594166666667,0.377291666666667,2.25,1.29466666666667,0.489666666666667
2015,"45",81,849,61.48,15.034,35.9216111111111,0.613033333333333,1.82142857142857,2.01694444444444,0.489666666666667
2015,"46",27,169,57.612,20.31,35.943,0.50405,2,3.96133333333333,0.489666666666667
2015,"471",20,87,58.272,15.314,34.16425,0.544775,2,3.20533333333333,0.489666666666667
2015,"48",67,313,54.864,16.928,32.605,0.364941666666667,2.10714285714286,5.60272222222222,0.489666666666667
2015,"481",110,412,56.684,16.284,32.8568333333333,15.9636458333333,2.08333333333333,4.326,0.489666666666667
2015,"49",209,592,57.178,18.138,34.5242222222222,1.65022916666667,2.17857142857143,5.87561111111111,0.489666666666667
2015,"50",135,532,67.45,20.43,40.1103055555556,0.672483333333333,1.83333333333333,2.17638888888889,0.489666666666667
2015,"500",134,499,55.526,19.01,34.1666944444444,1.30447916666667,2.17857142857143,6.79283333333333,0.489666666666667
2015,"501",74,342,61.488,20.854,37.1253611111111,0.143120833333333,1.91666666666667,3.53316666666667,0.489666666666667
2015,"51",39,195,75.558,29.586,49.3578333333333,0.042625,1.28333333333333,1.94294444444444,0.489666666666667
2015,"511",69,1072,72.816,27.764,46.4483333333333,0.284375,1.45833333333333,1.40366666666667,0.489666666666667
2015,"52",115,1025,72.308,20.536,43.2066666666667,1.177375,1.58333333333333,1.31877777777778,0.489666666666667
2015,"521",650,2550,67.666,20.304,40.7965833333333,0.098375,0.833333333333333,2.18666666666667,0.489666666666667
2015,"53",210,1119,64.544,18.966,38.9316111111111,3.122125,1.58333333333333,2.92355555555556,0.489666666666667
2015,"54",348,2061,60.47,14.988,35.4331944444444,0.272028571428571,2,2.26922222222222,0.489666666666667
2015,"55",572,2818,60.016,14.286,34.6358611111111,1.90810714285714,1.91666666666667,2.7945,0.489666666666667
2015,"56",64,271,55.254,18.38,32.7628333333333,33.7317708333333,2.08333333333333,3.58738888888889,0.489666666666667
2015,"58",84,287,68,24.47,41.8634722222222,0.2595,1.6,3.03627777777778,0.489666666666667
2015,"581",83,984,73.552,26.338,46.7789722222222,0.268,1.5,1.58116666666667,0.489666666666667
2015,"6",352,2618,67.922,23.912,41.6711666666667,0.0486875,1.89583333333333,3.25261111111111,0.489666666666667
2015,"61",518,989,71.092,22.862,44.0696666666667,1.812,1.62222222222222,1.42105555555556,0.489666666666667
2015,"62",449,3170,74.998,24.044,46.6648055555556,0.254125,1.58333333333333,1.646,0.489666666666667
2015,"65",385,1494,69.216,21.298,42.0780277777778,0.56035,1.66666666666667,1.55916666666667,0.489666666666667
2015,"66",402,1213,65.608,15.684,37.1724166666667,0.365916666666667,1.75,2.11444444444444,0.489666666666667
2015,"67",298,1226,60.158,19.098,36.0066388888889,0.926,1.91666666666667,4.33638888888889,0.489666666666667
2015,"68",150,1562,62.424,18.062,36.9959722222222,0.046875,1.25,3.16505555555556,0.489666666666667
2015,"691",0,36,77.982,28.734,49.31625,0,0.75,2.66611111111111,0.489666666666667
2015,"71",390,1963,63.02,18.352,38.1557222222222,0.11815,1.75,1.01194444444444,0.489666666666667
2015,"711",404,1711,69.258,21.004,42.3875555555556,0.2098625,1.65,3.56488888888889,0.489666666666667
2015,"72",39,397,76.67,23.024,47.7568611111111,0.045625,1.3,2.51872222222222,0.489666666666667
2015,"73",114,583,70.712,28.208,45.9138333333333,0.88275,1.38333333333333,4.61961111111111,0.489666666666667
2015,"741",49,218,74.784,25.514,46.4621944444444,0.104,1.25,1.54538888888889,0.489666666666667
2015,"75",213,1252,70.496,23.178,43.6706111111111,0.1151875,1.65,1.01038888888889,0.489666666666667
2015,"76",265,726,65.768,16.834,38.1182777777778,22.7325625,1.72142857142857,1.91877777777778,0.489666666666667
2015,"77",383,2251,72.34,22.684,44.0000833333333,0.0905,1.58333333333333,2.70022222222222,0.489666666666667
2015,"771",93,487,73.874,24.528,45.8061666666667,0.1993125,1.75,1.10683333333333,0.489666666666667
2015,"78",297,1701,70.15,21.834,42.5915,17.4360833333333,1.625,0.957666666666667,0.489666666666667
2015,"8",128,816,61.386,23.798,38.6953333333333,0.737479166666667,2.03333333333333,5.90483333333333,0.489666666666667
2015,"83",121,662,72.88,22.522,44.5231944444444,0,1,2.41438888888889,0.489666666666667
2015,"85",214,1489,72.228,26.92,46.2768611111111,0,1,2.45194444444444,0.489666666666667
2015,"86",117,1034,62.592,25.466,39.8588611111111,3.74,1.25,2.52311111111111,0.489666666666667
2015,"861",50,242,70.304,26.758,44.8084444444444,0.422375,1.15,2.78172222222222,0.489666666666667
2015,"9",21,57,78.6,28.486,50.0041944444444,0.201083333333333,1.625,5.67166666666667,0.489666666666667
2016,"1",10,58,61.8133333333333,26.438,44.4838333333333,0.108375,1.08333333333333,3.57461111111111,0.673
2016,"10",101,261,65.6488888888889,28.374,47.5273888888889,0.0405,1.5,3.5975,0.673
2016,"11",729,3825,67.8677777777778,27.178,47.7230277777778,0.020875,1.5,5.54444444444444,0.673
2016,"12",970,4483,59.03,27.824,43.7986388888889,0.05075,1.66666666666667,6.04777777777778,0.673
2016,"13",353,1337,66.8766666666667,24.588,45.1989444444444,0.939375,1.20833333333333,2.72144444444444,0.673
2016,"131",64,520,65.3222222222222,24.846,44.4079722222222,1.16325,1.20833333333333,1.31311111111111,0.673
2016,"133",3,20,77.4044444444445,36.62,56.3162222222222,0,0.25,5.41144444444444,0.673
2016,"14",167,1307,53.3033333333333,23.94,38.8975277777778,0.521416666666667,2,3.45988888888889,0.673
2016,"140",28,124,77.1377777777778,34.2688888888889,55.1250277777778,0,0.25,4.63933333333333,0.673
2016,"141",11,32,79.1022222222222,36.5933333333333,57.2879166666667,0,0.25,5.42366666666667,0.673
2016,"15",243,2752,59.6266666666667,26.146,42.4069166666667,0.263875,1.33333333333333,2.00327777777778,0.673
2016,"16",148,1113,64.5688888888889,25.94,44.47425,0.14575,1.33333333333333,4.01777777777778,0.673
2016,"17",181,1460,56.8544444444444,24.574,40.9939166666667,0.18775,1.66666666666667,2.56511111111111,0.673
2016,"18",439,4291,53.8488888888889,23.558,39.8056944444444,0.800125,1.36666666666667,2.70494444444444,0.673
2016,"2",60,100,66.45,29.09,47.3325833333333,0.01175,1.5,3.88483333333333,0.673
2016,"20",47,123,63.4511111111111,27.536,46.3998333333333,0.169625,1.33333333333333,1.87938888888889,0.673
2016,"201",61,141,56.3344444444444,22.404,40.1216388888889,0.121,1.41666666666667,6.13433333333333,0.673
2016,"21",320,1652,66.2677777777778,27.852,48.6903333333333,0.1235,1.5,5.13927777777778,0.673
2016,"211",352,1943,67.7522222222222,22.948,44.5940555555556,0.1285,2,3.45466666666667,0.673
2016,"23",592,3423,68.1833333333333,27.738,47.9926111111111,0.0665,1.5,3.09833333333333,0.673
2016,"231",133,1013,54.4133333333333,25.492,40.49,0.364958333333333,1.83333333333333,5.04411111111111,0.673
2016,"24",395,2759,57.2866666666667,27.218,42.8546944444444,0.1055,1.625,5.18466666666667,0.673
2016,"25",114,859,53.7,25.72,40.1746666666667,0.22625,1.5,5.3455,0.673
2016,"27",103,1008,57.8533333333333,24.636,40.8523611111111,0.22075,1.66666666666667,1.90344444444444,0.673
2016,"29",27,89,72.1266666666667,30.14,51.9459166666667,0.166375,1.2,1.32283333333333,0.673
2016,"3",328,2763,65.6933333333333,24.424,43.9100277777778,0.0185,1.36666666666667,7.1855,0.673
2016,"30",77,790,73.218,33.122,54.2994166666667,0.00625,1.16666666666667,1.06994444444444,0.673
2016,"301",154,1439,67.7233333333333,23.738,45.2701666666667,0.015,1.25,4.42488888888889,0.673
2016,"31",207,1047,67.2155555555556,30.224,50.4706388888889,0.0905,1.33333333333333,2.88694444444444,0.673
2016,"32",88,575,61.5622222222222,26.412,45.2764444444444,0.169625,1.5,4.75188888888889,0.673
2016,"34",74,804,51.5444444444444,23.832,38.2981666666667,0.06625,1.75,7.85111111111111,0.673
2016,"36",120,1016,56.88,23.834,40.4383888888889,0.138,1.75,1.3285,0.673
2016,"37",111,1277,56.2411111111111,22.718,39.7933333333333,0.228625,1.36666666666667,1.46011111111111,0.673
2016,"371",104,808,51.7266666666667,22.148,37.54325,0.91675,1.58333333333333,2.90138888888889,0.673
2016,"38",57,570,59.4188888888889,26.262,43.6876944444444,0.25425,1.45,1.86166666666667,0.673
2016,"39",45,271,54.5777777777778,23.622,39.5807222222222,0.310625,1.5,2.30138888888889,0.673
2016,"391",9,41,70.2733333333333,28.5,49.4035277777778,0.19225,1.33333333333333,4.28816666666667,0.673
2016,"40",133,245,66.5022222222222,28.18,49.1610555555556,0.10575,1.08333333333333,3.71861111111111,0.673
2016,"41",178,1430,65.8633333333333,29.018,48.2775833333333,0.080125,1.33333333333333,1.50527777777778,0.673
2016,"411",98,533,70.3866666666667,31.736,51.3765555555556,0.054375,1.08333333333333,1.57461111111111,0.673
2016,"42",424,2878,63.4366666666667,28.15,46.1890833333333,0.03225,1.5,1.99022222222222,0.673
2016,"43",285,1699,53.4111111111111,21.416,38.3284444444444,0.124583333333333,1.6125,7.32744444444444,0.673
2016,"44",51,835,60.0988888888889,25.606,42.6055833333333,0.1055,1.58333333333333,1.75494444444444,0.673
2016,"441",222,1125,64.8033333333333,24.96,44.35125,0.653583333333333,1.375,1.66966666666667,0.673
2016,"444",73,794,55.4222222222222,24.088,40.0264722222222,0.083125,1.75,4.09122222222222,0.673
2016,"45",96,746,55.4288888888889,22.25,39.1544444444444,0.23775,1.75,1.6965,0.673
2016,"46",21,142,52.3266666666667,22.886,38.1662777777778,0.1885,1.5,4.85583333333333,0.673
2016,"471",43,190,52.4288888888889,20.786,37.0832777777778,0.134666666666667,2,1.17088888888889,0.673
2016,"48",71,280,48.6233333333333,20.066,34.8677222222222,0.1375,2.25,2.84483333333333,0.673
2016,"481",79,412,50.2533333333333,19.69,35.1025277777778,0.7888125,2.5,4.632,0.673
2016,"49",220,612,51.0533333333333,21.752,36.8764444444444,0.455041666666667,2.08333333333333,3.90727777777778,0.673
2016,"50",75,579,59.9333333333333,23.754,42.1368888888889,0.023375,1.58333333333333,2.357,0.673
2016,"500",114,538,50.4244444444444,22.098,36.9096388888889,0.498625,1.91666666666667,7.2635,0.673
2016,"501",60,323,54.4733333333333,22.292,38.8832777777778,0.146625,2.33333333333333,5.16122222222222,0.673
2016,"51",37,211,70.3933333333333,27.858,49.8085277777778,0.158125,1.25,2.02561111111111,0.673
2016,"511",86,1097,66.7077777777778,27.478,47.6534722222222,0.074,1,1.78711111111111,0.673
2016,"52",109,1137,67.3644444444444,28.602,47.3059166666667,0.343125,1,1.33544444444444,0.673
2016,"521",423,2652,62.0877777777778,27.188,44.5681666666667,0.068875,1.2,3.80955555555556,0.673
2016,"53",234,1166,57.7633333333333,24.5,42.1329166666667,0.670416666666667,1.3,3.47566666666667,0.673
2016,"54",220,1704,54.4933333333333,22.37,39.1533055555556,0.116916666666667,1.375,2.82827777777778,0.673
2016,"55",358,3176,53.3766666666667,21.852,37.7921111111111,0.26925,1.375,2.8905,0.673
2016,"56",65,278,50.34,19.768,35.2052777777778,7.530375,1.75,5.23455555555556,0.673
2016,"58",104,362,60.3155555555556,26.844,43.69825,0.00625,0.833333333333333,3.52816666666667,0.673
2016,"581",56,958,67.3855555555556,28.12,47.9703888888889,0.02175,0.875,1.52744444444444,0.673
2016,"6",332,2502,59.7777777777778,24.796,42.3286944444444,0.180416666666667,1.5,3.97744444444444,0.673
2016,"61",501,901,64.6633333333333,27.336,46.9450833333333,0.039,1.08333333333333,3.24722222222222,0.673
2016,"62",442,2939,69.42,30.864,50.4236666666667,0.042,1.25,2.82533333333333,0.673
2016,"65",309,1703,63.7988888888889,26.556,45.7568333333333,0.618375,1,2.39255555555556,0.673
2016,"66",262,1242,58.4044444444444,24.216,41.8058333333333,0.075,1.125,2.70261111111111,0.673
2016,"67",199,1311,54.354,21.47,38.6213888888889,0.13325,1.25,3.35572222222222,0.673
2016,"68",122,1620,56.18,22.024,39.9170555555556,0.03325,1.25,3.42477777777778,0.673
2016,"691",0,64,71.1055555555556,28.378,50.1306944444444,0,0,3.05838888888889,0.673
2016,"71",330,2000,55.6788888888889,23.792,40.9821666666667,0.061875,1,1.35533333333333,0.673
2016,"711",207,1772,62.9966666666667,25.92,45.3675555555556,0.02575,0.916666666666667,4.19994444444444,0.673
2016,"72",40,367,71.2222222222222,32.062,52.2263611111111,0,0.75,2.62144444444444,0.673
2016,"73",63,605,65.0122222222222,29.446,48.4133055555556,0.33675,1,3.2905,0.673
2016,"741",38,223,69.05,29.266,48.3078055555556,0.0205,1,1.29511111111111,0.673
2016,"75",253,1358,63.966,28.408,45.9708611111111,0,0.916666666666667,0.986222222222222,0.673
2016,"76",235,793,59.2966666666667,22.1,41.4045277777778,0.750875,1.625,2.69005555555556,0.673
2016,"77",337,2093,63.9711111111111,27.226,45.1084444444444,0.089375,1.08333333333333,4.8065,0.673
2016,"771",68,478,68.196,29.124,47.3663888888889,0,0.75,1.23772222222222,0.673
2016,"78",320,1803,64.206,27.508,45.2056666666667,3.95925,0.916666666666667,1.78166666666667,0.673
2016,"8",94,976,53.7811111111111,23.132,39.1537222222222,0.583083333333333,1.58333333333333,5.39577777777778,0.673
2016,"83",80,739,68.376,27.186,46.8769166666667,0,0.25,3.62016666666667,0.673
2016,"85",243,1297,66.882,30.48,48.4775,0,0,3.59888888888889,0.673
2016,"86",130,1092,59.1388888888889,27.566,43.2644722222222,0,0.25,2.76622222222222,0.673
2016,"861",49,274,63.6044444444444,30.014,46.7216944444444,0.00275,1,3.63966666666667,0.673
2016,"9",22,52,71.3066666666667,26.8,48.9490833333333,0.242,1,5.60838888888889,0.673
2017,"1",15,49,58.864,27.22,40.3428055555556,0.114166666666667,1.55,3.07283333333333,0.518555555555556
2017,"10",130,252,62.578,26.082,41.7656388888889,0,1.25,3.26261111111111,0.518555555555556
2017,"11",569,3477,63.278,25.29,41.1846111111111,0.18375,1.09285714285714,4.12911111111111,0.518555555555556
2017,"12",1024,4438,55.738,25.044,37.6427222222222,0.58225,1.45,4.63822222222222,0.518555555555556
2017,"13",405,1425,60.374,22.832,38.5789166666667,0.1916875,2.61904761904762,2.755,0.518555555555556
2017,"131",117,609,58.792,20.938,37.3156666666667,0.1513125,1.61904761904762,1.85511111111111,0.518555555555556
2017,"133",8,27,75.43,34.3077777777778,50.4874444444444,0.010375,1,4.68938888888889,0.518555555555556
2017,"14",218,1277,48.41,22.386,32.8673888888889,0.9380625,2.54166666666667,3.84411111111111,0.518555555555556
2017,"140",20,124,74.996,33.1088888888889,48.9918611111111,0.12575,1.375,3.432,0.518555555555556
2017,"141",16,33,76.384,33.3977777777778,50.08975,0.197916666666667,1.375,3.79244444444444,0.518555555555556
2017,"15",298,2835,54.996,23.262,36.1088611111111,0.256375,1.41666666666667,2.00572222222222,0.518555555555556
2017,"16",185,1001,60.478,26.038,39.71725,0.076875,1.675,4.09033333333333,0.518555555555556
2017,"17",245,1447,53.778,23.112,35.1296666666667,0.23995,1.60714285714286,3.58383333333333,0.518555555555556
2017,"18",448,4040,51.494,24.89,35.5206666666667,0.3783,2,2.911,0.518555555555556
2017,"2",48,92,62.024,29.082,41.9911111111111,0.113625,1.16666666666667,3.412,0.518555555555556
2017,"20",62,133,59.256,26.9466666666667,41.6571944444444,0.275,1.14285714285714,2.54183333333333,0.518555555555556
2017,"201",54,148,53.514,23.582,36.2516944444444,0.208333333333333,2.05,4.81233333333333,0.518555555555556
2017,"21",324,1666,61.918,30.084,44.0086111111111,0.09175,1,4.09911111111111,0.518555555555556
2017,"211",512,2044,62.362,21.182,38.5634722222222,0.21975,1.725,2.77494444444444,0.518555555555556
2017,"23",572,3583,63.158,25.632,41.4278333333333,0.067625,1.33333333333333,2.22755555555556,0.518555555555556
2017,"231",204,1152,50.544,23.41,35.0295277777778,0.6864375,1.75,5.26322222222222,0.518555555555556
2017,"24",448,3063,53.592,24.766,37.2418611111111,0.530375,1.45,4.38661111111111,0.518555555555556
2017,"25",127,1071,50.204,23.092,35.0765833333333,0.3484375,1.73333333333333,4.82472222222222,0.518555555555556
2017,"27",120,1119,53.446,22.026,34.7188333333333,0.21575,1.75,2.16972222222222,0.518555555555556
2017,"29",23,99,66.334,30.2477777777778,46.812,0.061375,1.23611111111111,1.39055555555556,0.518555555555556
2017,"3",240,2785,59.986,21.242,37.4357222222222,0.259041666666667,1.99007936507937,7.44877777777778,0.518555555555556
2017,"30",70,868,66.256,32.064,48.1685,0,1.33333333333333,1.01488888888889,0.518555555555556
2017,"301",108,1404,61.316,23.028,38.9612222222222,0.30925,2.35,3.66672222222222,0.518555555555556
2017,"31",180,1014,62.368,30.67,45.1211666666667,0.011375,1.08333333333333,2.94672222222222,0.518555555555556
2017,"32",127,565,56.398,25.914,40.1590833333333,0.364,1.91666666666667,3.39627777777778,0.518555555555556
2017,"34",65,861,46.496,21.806,33.5671388888889,0.1280625,1.9,7.6925,0.518555555555556
2017,"36",108,992,54.068,20.482,35.3033888888889,1.287125,1.51785714285714,1.62844444444444,0.518555555555556
2017,"37",138,1443,53.854,20.688,35.11875,2.422,1.64285714285714,1.92166666666667,0.518555555555556
2017,"371",81,908,48.86,19.404,32.6054166666667,4.89451666666667,2.16666666666667,2.51211111111111,0.518555555555556
2017,"38",48,516,55.84,29.1444444444444,39.8088611111111,0.303,1.5625,2.57861111111111,0.518555555555556
2017,"39",39,223,51.776,24.572,35.8297222222222,3.206125,1.6875,2.45233333333333,0.518555555555556
2017,"391",14,38,66.556,29.9477777777778,45.7077222222222,0.09175,1.125,4.54177777777778,0.518555555555556
2017,"40",120,214,61.62,28.842,44.8646666666667,0.2145,1.25,2.95072222222222,0.518555555555556
2017,"41",158,1462,61.512,27.306,43.0218888888889,0.0265,1.08333333333333,1.77883333333333,0.518555555555556
2017,"411",60,557,65.116,28.56,45.6274722222222,0.02175,1,1.93155555555556,0.518555555555556
2017,"42",488,2892,58.926,24.228,40.1072777777778,0.40975,1.41428571428571,2.21122222222222,0.518555555555556
2017,"43",236,1848,50.98,17.776,33.4295555555556,0.568955357142857,2.01388888888889,3.78266666666667,0.518555555555556
2017,"44",68,670,56.706,21.232,36.7893055555556,0.369625,1.57222222222222,1.44738888888889,0.518555555555556
2017,"441",327,1264,58.684,21.804,37.3812222222222,0.207725,2.44047619047619,2.25194444444444,0.518555555555556
2017,"444",140,843,52.968,19.28,34.7400277777778,0.3948125,1.57222222222222,3.33627777777778,0.518555555555556
2017,"45",57,633,52.7,18.868,34.2827222222222,2.22858333333333,1.77678571428571,1.72294444444444,0.518555555555556
2017,"46",12,143,49.27,20.972,33.4273055555556,3.95102916666667,2.1875,4.04777777777778,0.518555555555556
2017,"471",36,136,52.324,16.452,32.93625,0.342354166666667,2.025,2.60016666666667,0.518555555555556
2017,"48",99,274,47.242,17.852,30.7263888888889,0.58355,2.66666666666667,4.93166666666667,0.518555555555556
2017,"481",81,420,48.884,16.582,30.7458888888889,1.43238333333333,2.05,8.12427777777778,0.518555555555556
2017,"49",197,625,48.914,19.374,32.1675,1.376175,2.58333333333333,4.66094444444444,0.518555555555556
2017,"50",103,572,57.874,22.442,37.5431666666667,0.124375,1.71666666666667,2.94633333333333,0.518555555555556
2017,"500",131,529,47.128,19.746,32.0050555555556,5.16839583333333,2.20238095238095,6.29638888888889,0.518555555555556
2017,"501",59,316,51.736,21.57,34.5878055555556,0.135625,2.125,5.17766666666667,0.518555555555556
2017,"51",49,210,65.662,28.8355555555556,44.5489166666667,0.075125,1.49166666666667,1.95427777777778,0.518555555555556
2017,"511",66,902,63.948,29.368,42.685,0.16925,1.25,1.85105555555556,0.518555555555556
2017,"52",101,1052,64.692,24.92,42.7076111111111,0.01825,1,1.80777777777778,0.518555555555556
2017,"521",317,2229,62.826,22.73,40.38075,0.157,1.25555555555556,2.69761111111111,0.518555555555556
2017,"53",201,1153,57.118,20.088,37.1156666666667,0.342375,1.29365079365079,1.876,0.518555555555556
2017,"54",270,1859,52.952,17.446,33.9759166666667,0.26755,1.69444444444444,1.70355555555556,0.518555555555556
2017,"55",390,2678,52.422,16.828,33.233,0.659458333333333,2.025,3.005,0.518555555555556
2017,"56",40,297,46.26,17.958,31.0880833333333,4.8696625,2,5.23061111111111,0.518555555555556
2017,"58",70,367,58.83,25.916,39.6833888888889,0.16,1.5,3.2365,0.518555555555556
2017,"581",79,918,65.092,29.514,43.0511666666667,0.1055,1.41666666666667,2.15766666666667,0.518555555555556
2017,"6",374,2364,55.486,24.3555555555556,36.4603055555556,0.14835,2.02380952380952,4.70711111111111,0.518555555555556
2017,"61",419,877,61.71,27.922,43.2435277777778,0.173,1.5,2.31072222222222,0.518555555555556
2017,"62",338,2965,63.844,29.208,45.0243888888889,0.05725,1,3.00027777777778,0.518555555555556
2017,"65",331,1652,62.54,24.044,41.2593611111111,0.06625,1.05555555555556,1.91133333333333,0.518555555555556
2017,"66",370,1189,58.378,20.704,37.54425,0.12075,1.21428571428571,2.1175,0.518555555555556
2017,"67",186,1216,52.48,21.198,35.3898333333333,0.753875,1.66666666666667,4.52294444444444,0.518555555555556
2017,"68",126,1651,54.682,19.966,35.8843888888889,0.201291666666667,1.58333333333333,4.32944444444444,0.518555555555556
2017,"691",4,54,70.004,29.2288888888889,44.6023333333333,0.133625,1.25,2.61777777777778,0.518555555555556
2017,"71",276,2030,57.502,23.23,38.3630833333333,0.054625,1.39285714285714,1.55838888888889,0.518555555555556
2017,"711",272,1600,61.34,24.558,41.2040555555556,0.02775,1.25,5.01211111111111,0.518555555555556
2017,"72",25,380,68.232,28.174,47.4983055555556,0,0.75,2.46055555555556,0.518555555555556
2017,"73",61,565,63.704,26.894,45.4460833333333,0.0975,0.75,3.625,0.518555555555556
2017,"741",34,198,68.07,26.268,45.5264444444444,0.0075,0.75,1.50983333333333,0.518555555555556
2017,"75",147,1238,64.62,26.538,43.2257222222222,0.011625,1.4047619047619,1.13088888888889,0.518555555555556
2017,"76",277,794,60.058,20.398,37.283,0.10375,1.25,3.18311111111111,0.518555555555556
2017,"77",301,2322,60.12,24.43,40.4428611111111,0.008,1.25,5.76766666666667,0.518555555555556
2017,"771",55,497,68.008,25.626,43.674,0.001,1,1.74694444444444,0.518555555555556
2017,"78",262,1810,63.758,26.22,42.2782777777778,0.045,1.08333333333333,1.55122222222222,0.518555555555556
2017,"8",227,1132,49.702,24.8822222222222,34.5689166666667,0.444783333333333,2.16964285714286,6.82038888888889,0.518555555555556
2017,"83",89,708,64.936,23.938,42.5209722222222,0.0365,0.958333333333333,2.60494444444444,0.518555555555556
2017,"85",207,1331,64.95,29.356,43.7328888888889,0.04275,1.375,2.21633333333333,0.518555555555556
2017,"86",92,1060,56.012,27.236,39.1475,0.2565,1.5,1.84511111111111,0.518555555555556
2017,"861",73,359,63.41,29.238,42.8078055555556,0.10375,1.5,2.97511111111111,0.518555555555556
2017,"9",32,64,66.5,27.5177777777778,44.7281388888889,0.09675,1.3,7.66677777777778,0.518555555555556
