"Year","Unit","Hunters","Quota","Drawn"
2006,"1",118,115,64
2006,"10",260,270,240
2006,"104",72,200,122
2006,"11",3276,10520,7537
2006,"12",4534,6045,4399
2006,"128",16,60,60
2006,"13",1098,1000,220
2006,"131",657,880,160
2006,"133",5,30,20
2006,"134",15,0,0
2006,"14",1220,1000,844
2006,"140",50,0,0
2006,"141",26,0,0
2006,"142",21,0,0
2006,"15",2594,2480,2024
2006,"16",802,1350,338
2006,"161",1559,2040,955
2006,"17",1183,1375,589
2006,"171",955,1230,477
2006,"18",3257,2665,1430
2006,"181",977,400,174
2006,"19",926,2490,669
2006,"191",514,1865,251
2006,"2",580,695,569
2006,"20",520,600,450
2006,"201",147,175,174
2006,"21",1924,3040,2115
2006,"211",2620,0,0
2006,"214",596,250,232
2006,"22",2253,2070,1300
2006,"23",3320,0,0
2006,"231",1186,760,631
2006,"24",3285,0,0
2006,"25",1868,40,40
2006,"26",1282,55,55
2006,"27",966,765,251
2006,"28",2098,1680,1338
2006,"29",124,215,215
2006,"3",3316,6775,4114
2006,"30",701,0,0
2006,"301",1475,0,0
2006,"31",716,920,164
2006,"32",647,600,88
2006,"33",2660,2315,1373
2006,"34",1287,1235,454
2006,"35",1207,2395,772
2006,"36",2146,3090,907
2006,"37",946,220,58
2006,"371",556,540,294
2006,"38",437,260,244
2006,"39",428,730,655
2006,"391",56,150,80
2006,"4",3146,1150,1150
2006,"40",198,198,198
2006,"41",811,1730,1730
2006,"411",318,180,82
2006,"42",1746,520,520
2006,"421",1690,600,600
2006,"43",2411,2730,1401
2006,"44",1672,1900,1017
2006,"441",1008,0,0
2006,"444",1298,500,424
2006,"45",934,440,386
2006,"46",309,615,485
2006,"461",65,300,110
2006,"47",658,335,328
2006,"471",142,170,31
2006,"48",463,810,810
2006,"481",566,1210,1210
2006,"49",828,930,930
2006,"5",1200,210,210
2006,"50",586,1260,1260
2006,"500",504,1075,1075
2006,"501",371,760,760
2006,"51",221,470,353
2006,"511",720,380,322
2006,"52",877,355,301
2006,"521",1737,310,310
2006,"53",1481,940,762
2006,"54",2791,2050,1445
2006,"55",3227,2040,2040
2006,"551",1648,750,750
2006,"56",517,965,939
2006,"561",261,530,512
2006,"57",441,775,775
2006,"58",286,0,0
2006,"581",739,675,519
2006,"59",451,550,150
2006,"591",161,0,0
2006,"6",1346,1760,689
2006,"60",231,145,122
2006,"61",1214,1980,1980
2006,"62",3701,2080,2080
2006,"63",889,375,216
2006,"64",542,910,679
2006,"65",1883,1150,524
2006,"66",1608,1840,1840
2006,"67",1662,1840,1840
2006,"68",2388,1675,1346
2006,"681",1350,605,455
2006,"682",48,0,0
2006,"69",171,415,415
2006,"691",75,0,0
2006,"7",1533,7460,2714
2006,"70",2529,1725,1725
2006,"71",2263,1200,1200
2006,"711",2007,1000,977
2006,"72",350,120,58
2006,"73",464,250,250
2006,"74",2232,3000,1598
2006,"741",276,350,166
2006,"75",2265,4350,3574
2006,"751",1322,1200,632
2006,"76",1303,1300,1300
2006,"77",2714,1400,1364
2006,"771",383,0,0
2006,"78",2044,0,0
2006,"79",1459,1690,884
2006,"791",14,0,0
2006,"8",1276,0,0
2006,"80",2886,2475,1909
2006,"81",2801,1270,691
2006,"82",1069,605,335
2006,"83",613,255,255
2006,"84",243,0,0
2006,"85",933,370,304
2006,"851",126,25,25
2006,"86",979,1140,896
2006,"861",169,0,0
2006,"9",61,1000,83
2007,"1",125,135,66
2007,"10",293,310,218
2007,"104",53,200,128
2007,"11",3852,10720,7656
2007,"12",4575,6045,4081
2007,"128",38,110,106
2007,"13",1082,1000,214
2007,"131",724,980,183
2007,"134",13,0,0
2007,"14",1207,1250,989
2007,"140",76,0,0
2007,"141",12,0,0
2007,"142",29,0,0
2007,"15",2371,2480,1810
2007,"16",701,1350,274
2007,"161",1477,2040,905
2007,"17",1055,1375,537
2007,"171",775,1230,373
2007,"18",2557,2350,1381
2007,"181",811,420,153
2007,"19",844,1990,754
2007,"191",454,1425,220
2007,"2",481,635,578
2007,"20",268,315,307
2007,"201",162,180,180
2007,"21",1924,3050,2206
2007,"211",2427,0,0
2007,"214",590,450,160
2007,"22",2415,2035,1451
2007,"23",2836,0,0
2007,"231",956,660,494
2007,"24",3129,0,0
2007,"25",1684,40,40
2007,"26",1064,55,55
2007,"27",880,715,243
2007,"28",1972,1825,1373
2007,"29",102,175,175
2007,"3",3513,7825,4408
2007,"30",822,0,0
2007,"301",1701,0,0
2007,"31",622,700,138
2007,"32",629,360,76
2007,"33",2762,3900,1221
2007,"34",1145,1235,347
2007,"35",1259,1815,800
2007,"36",2042,3200,883
2007,"37",956,220,66
2007,"371",675,575,282
2007,"38",464,225,223
2007,"39",461,730,555
2007,"391",49,150,50
2007,"4",3505,1650,1650
2007,"40",204,248,238
2007,"41",1035,1760,1760
2007,"411",375,180,110
2007,"42",1695,595,595
2007,"421",1440,650,650
2007,"43",2201,2320,1279
2007,"44",1594,2000,1520
2007,"441",986,0,0
2007,"444",1321,940,876
2007,"45",928,760,496
2007,"46",277,615,521
2007,"461",69,300,120
2007,"47",679,695,306
2007,"471",179,180,16
2007,"48",418,810,810
2007,"481",557,1210,1210
2007,"49",794,930,930
2007,"5",1335,410,410
2007,"50",544,1260,1260
2007,"500",510,1075,1075
2007,"501",373,760,760
2007,"51",233,470,394
2007,"511",813,380,313
2007,"52",859,360,360
2007,"521",1817,450,450
2007,"53",1364,925,708
2007,"54",2767,2050,1825
2007,"55",3251,2040,2040
2007,"551",1482,750,750
2007,"56",493,525,435
2007,"561",240,290,262
2007,"57",461,775,751
2007,"58",280,0,0
2007,"581",797,675,592
2007,"59",392,550,206
2007,"591",120,0,0
2007,"6",1363,1760,691
2007,"60",233,145,99
2007,"61",993,1860,1860
2007,"62",3381,1835,1835
2007,"63",860,340,254
2007,"64",596,910,646
2007,"65",1652,1150,397
2007,"66",1665,1890,1888
2007,"67",1712,1925,1925
2007,"68",2005,1040,873
2007,"681",1142,305,233
2007,"682",8,0,0
2007,"69",190,415,415
2007,"691",118,0,0
2007,"7",1525,6160,2526
2007,"70",2475,1815,1815
2007,"71",2333,1200,1200
2007,"711",2219,1000,1000
2007,"72",391,120,82
2007,"73",442,250,250
2007,"74",1887,2400,1575
2007,"741",301,350,164
2007,"75",1897,3510,3186
2007,"751",1167,1000,614
2007,"76",1217,1350,1287
2007,"77",2731,1200,1200
2007,"771",485,0,0
2007,"78",1861,0,0
2007,"79",1519,1745,918
2007,"791",3,0,0
2007,"8",996,0,0
2007,"80",2458,1495,1342
2007,"81",1929,485,320
2007,"82",1041,665,420
2007,"83",414,0,0
2007,"84",195,0,0
2007,"85",1013,370,313
2007,"851",214,25,25
2007,"86",894,840,788
2007,"861",166,0,0
2007,"9",86,900,62
2008,"1",115,135,50
2008,"10",311,310,227
2008,"104",60,200,96
2008,"11",3143,10420,7308
2008,"12",4688,6045,4067
2008,"128",46,110,110
2008,"13",984,800,190
2008,"131",660,760,146
2008,"133",7,30,16
2008,"134",4,0,0
2008,"14",1261,1250,959
2008,"140",49,0,0
2008,"142",52,0,0
2008,"15",2178,2480,1834
2008,"16",776,1350,294
2008,"161",1383,2040,826
2008,"17",1112,1375,565
2008,"171",857,1230,391
2008,"18",2713,2350,1329
2008,"181",905,420,158
2008,"19",817,1750,585
2008,"191",393,1065,187
2008,"2",497,580,506
2008,"20",168,145,145
2008,"201",149,180,172
2008,"21",1897,3050,2262
2008,"211",2044,0,0
2008,"214",755,450,141
2008,"22",2315,2035,1498
2008,"23",3304,0,0
2008,"231",895,560,457
2008,"24",3361,0,0
2008,"25",1875,40,40
2008,"26",1080,55,55
2008,"27",960,715,234
2008,"28",1994,2030,1411
2008,"29",87,145,145
2008,"3",2749,7825,4067
2008,"30",795,0,0
2008,"301",1489,0,0
2008,"31",683,700,116
2008,"32",634,360,70
2008,"33",2630,2715,961
2008,"34",988,835,300
2008,"35",930,945,693
2008,"36",1868,2050,720
2008,"37",941,0,0
2008,"371",625,575,260
2008,"38",490,180,174
2008,"39",413,730,606
2008,"391",50,150,48
2008,"4",3593,1650,1630
2008,"40",273,293,283
2008,"41",795,1760,1760
2008,"411",367,180,95
2008,"42",1485,595,507
2008,"421",1526,650,650
2008,"43",2231,2820,1112
2008,"44",1663,2080,1534
2008,"441",990,0,0
2008,"444",1396,1390,733
2008,"45",914,840,471
2008,"46",273,615,471
2008,"461",72,300,94
2008,"47",766,885,320
2008,"471",165,240,16
2008,"48",422,810,810
2008,"481",567,1210,1210
2008,"49",873,930,930
2008,"5",1111,410,410
2008,"50",589,1260,1260
2008,"500",480,1075,1075
2008,"501",349,760,760
2008,"51",219,470,359
2008,"511",811,380,313
2008,"52",804,360,322
2008,"521",1613,450,450
2008,"53",1411,965,764
2008,"54",2619,2050,1660
2008,"55",2738,1825,1825
2008,"551",1539,965,909
2008,"56",470,525,452
2008,"561",263,290,244
2008,"57",364,775,775
2008,"58",371,0,0
2008,"581",751,675,578
2008,"59",434,550,166
2008,"591",95,0,0
2008,"6",1432,1760,688
2008,"60",273,145,104
2008,"61",1069,1860,1860
2008,"62",3481,1835,1835
2008,"63",822,340,292
2008,"64",526,910,641
2008,"65",1688,1150,342
2008,"66",1655,1890,1890
2008,"67",1675,1925,1925
2008,"68",1788,1185,1008
2008,"681",974,400,341
2008,"682",14,0,0
2008,"69",257,415,415
2008,"691",119,0,0
2008,"7",1382,4960,2404
2008,"70",2704,1960,1909
2008,"71",2153,1000,1000
2008,"711",2189,1000,1000
2008,"72",342,240,94
2008,"73",490,250,250
2008,"74",1941,2400,1545
2008,"741",284,350,214
2008,"75",1882,3510,3100
2008,"751",1146,1000,546
2008,"76",936,932,932
2008,"77",2379,1200,1200
2008,"771",385,0,0
2008,"78",1785,0,0
2008,"79",1500,1745,846
2008,"791",20,0,0
2008,"8",1145,0,0
2008,"80",2153,1550,1421
2008,"81",2138,550,396
2008,"82",1147,805,432
2008,"83",422,0,0
2008,"84",205,0,0
2008,"85",951,370,327
2008,"851",144,25,25
2008,"86",761,740,678
2008,"861",178,0,0
2008,"9",81,700,43
2009,"1",99,135,64
2009,"10",263,300,278
2009,"104",43,200,76
2009,"11",2623,9970,6940
2009,"12",4280,6045,3575
2009,"128",47,110,110
2009,"13",783,800,150
2009,"131",621,660,133
2009,"133",20,30,18
2009,"134",8,0,0
2009,"14",1131,950,828
2009,"140",58,0,0
2009,"141",8,0,0
2009,"142",15,0,0
2009,"15",2356,2600,1727
2009,"16",765,285,57
2009,"161",1266,480,180
2009,"17",1230,320,91
2009,"171",717,270,31
2009,"18",3248,3110,1394
2009,"181",825,520,171
2009,"19",625,1450,616
2009,"191",417,925,337
2009,"2",409,480,480
2009,"20",132,145,145
2009,"201",118,140,140
2009,"21",1831,3050,2246
2009,"211",1600,0,0
2009,"214",542,450,162
2009,"22",2355,2035,1313
2009,"23",3011,0,0
2009,"231",824,560,468
2009,"24",3107,0,0
2009,"25",1431,40,40
2009,"26",970,55,55
2009,"27",964,725,228
2009,"28",2352,2550,1593
2009,"29",65,145,145
2009,"3",2184,5525,3277
2009,"30",728,0,0
2009,"301",927,0,0
2009,"31",785,700,134
2009,"32",692,360,64
2009,"33",2446,2515,919
2009,"34",915,685,407
2009,"35",773,765,623
2009,"36",1478,1400,718
2009,"37",1147,0,0
2009,"371",731,665,263
2009,"38",438,180,180
2009,"39",312,560,560
2009,"391",40,120,60
2009,"4",2704,1250,1236
2009,"40",268,293,293
2009,"41",777,1760,1750
2009,"411",381,180,109
2009,"42",1482,595,503
2009,"421",1440,650,650
2009,"43",2293,2890,1202
2009,"44",1513,1860,1311
2009,"441",855,0,0
2009,"444",1504,1340,697
2009,"45",939,790,522
2009,"46",244,515,437
2009,"461",71,260,114
2009,"47",678,805,339
2009,"471",150,230,11
2009,"48",440,810,810
2009,"481",564,1210,1204
2009,"49",838,930,930
2009,"5",1001,410,410
2009,"50",602,1325,1325
2009,"500",518,1140,1140
2009,"501",395,825,825
2009,"51",221,470,396
2009,"511",869,380,320
2009,"52",791,360,360
2009,"521",1742,450,450
2009,"53",1248,965,742
2009,"54",2400,2050,1363
2009,"55",2620,1870,1731
2009,"551",1507,990,935
2009,"56",467,525,452
2009,"561",260,290,268
2009,"57",379,775,775
2009,"58",381,0,0
2009,"581",808,675,584
2009,"59",458,550,210
2009,"591",106,50,50
2009,"6",1475,4060,1468
2009,"60",242,145,111
2009,"61",1067,1960,1960
2009,"62",3678,1910,1910
2009,"63",747,340,280
2009,"64",558,910,648
2009,"65",1639,1150,263
2009,"66",1399,1700,1700
2009,"67",1479,1725,1725
2009,"68",1772,1185,1073
2009,"681",1149,400,337
2009,"69",201,435,435
2009,"691",84,0,0
2009,"7",1088,4100,2047
2009,"70",2658,2010,1979
2009,"71",1926,800,800
2009,"711",1794,875,875
2009,"72",363,240,96
2009,"73",452,200,200
2009,"74",1619,1950,1378
2009,"741",258,350,106
2009,"75",1790,3310,2922
2009,"751",1026,800,422
2009,"76",938,1090,1030
2009,"77",2400,975,975
2009,"771",334,0,0
2009,"78",1637,0,0
2009,"79",1269,1475,765
2009,"8",1059,0,0
2009,"80",1894,1500,1450
2009,"81",1964,500,394
2009,"82",1213,805,573
2009,"83",434,0,0
2009,"84",200,0,0
2009,"85",1124,370,352
2009,"851",176,25,25
2009,"86",824,790,728
2009,"861",179,0,0
2009,"9",91,500,66
2010,"1",121,135,59
2010,"10",269,300,247
2010,"104",36,200,66
2010,"11",2659,9970,6910
2010,"12",4147,6045,3435
2010,"128",8,0,0
2010,"13",1387,800,210
2010,"131",682,660,164
2010,"133",18,30,8
2010,"134",24,0,0
2010,"14",1300,950,883
2010,"140",116,0,0
2010,"141",36,0,0
2010,"142",39,0,0
2010,"15",2298,2600,1599
2010,"16",910,285,52
2010,"161",1288,480,177
2010,"17",1110,320,100
2010,"171",1067,270,41
2010,"18",3350,3110,1384
2010,"181",1101,520,164
2010,"19",611,1325,761
2010,"191",329,775,336
2010,"2",386,480,480
2010,"20",114,110,110
2010,"201",124,155,155
2010,"21",1924,3510,2229
2010,"211",2007,0,0
2010,"214",707,450,171
2010,"22",2532,2175,1308
2010,"23",3111,0,0
2010,"231",970,560,494
2010,"24",2478,0,0
2010,"25",1396,40,40
2010,"26",952,55,55
2010,"27",872,725,229
2010,"28",2664,2550,1618
2010,"29",86,145,145
2010,"3",1922,5025,2789
2010,"30",854,0,0
2010,"301",1302,0,0
2010,"31",707,1000,142
2010,"32",343,500,66
2010,"33",2228,2115,777
2010,"34",886,685,300
2010,"35",762,775,575
2010,"36",1076,1290,783
2010,"37",1277,0,0
2010,"371",749,665,286
2010,"38",464,180,180
2010,"39",325,560,530
2010,"391",50,120,98
2010,"4",2560,1250,1213
2010,"40",231,268,268
2010,"41",987,3000,2083
2010,"411",357,300,94
2010,"42",2025,1500,956
2010,"421",1617,1400,896
2010,"43",2243,3210,1044
2010,"44",1387,1670,1314
2010,"441",936,0,0
2010,"444",1275,1150,688
2010,"45",1015,770,452
2010,"46",247,515,473
2010,"461",68,260,106
2010,"47",676,735,256
2010,"471",176,250,7
2010,"48",418,810,810
2010,"481",591,1210,1210
2010,"49",801,870,870
2010,"5",736,410,410
2010,"50",589,1325,1325
2010,"500",534,1140,1140
2010,"501",376,825,825
2010,"51",212,470,460
2010,"511",1132,380,343
2010,"52",879,725,374
2010,"521",1816,900,754
2010,"53",1089,965,710
2010,"54",2151,1760,1164
2010,"55",2590,1805,1503
2010,"551",1466,990,835
2010,"56",464,525,495
2010,"561",248,290,256
2010,"57",418,775,775
2010,"58",395,0,0
2010,"581",949,675,585
2010,"59",477,550,155
2010,"591",72,50,50
2010,"6",1443,4060,1346
2010,"60",278,145,135
2010,"61",1162,2010,2010
2010,"62",3640,1910,1910
2010,"63",826,340,269
2010,"64",729,1875,904
2010,"65",1526,0,0
2010,"66",1465,1700,1700
2010,"67",1515,1725,1707
2010,"68",1821,1185,990
2010,"681",1187,400,333
2010,"69",212,460,460
2010,"691",103,0,0
2010,"7",906,2880,1984
2010,"70",2352,2060,1983
2010,"71",2004,800,800
2010,"711",2109,875,854
2010,"72",458,240,56
2010,"73",635,200,200
2010,"74",1502,1650,1240
2010,"741",278,350,118
2010,"75",1490,3810,3131
2010,"751",972,0,0
2010,"76",895,1060,1060
2010,"77",2619,975,967
2010,"771",635,0,0
2010,"78",2118,0,0
2010,"79",918,1090,697
2010,"8",693,0,0
2010,"80",2380,1500,1383
2010,"81",2082,500,355
2010,"82",1136,805,496
2010,"83",631,0,0
2010,"84",215,0,0
2010,"85",1311,370,350
2010,"851",249,20,20
2010,"86",965,790,739
2010,"861",229,0,0
2010,"9",74,400,82
2011,"1",117,135,71
2011,"10",194,220,220
2011,"104",37,200,52
2011,"11",3015,9720,7511
2011,"12",4187,6055,3423
2011,"13",1302,800,250
2011,"131",620,560,106
2011,"133",9,30,18
2011,"134",26,0,0
2011,"14",1177,775,775
2011,"140",114,0,0
2011,"141",21,0,0
2011,"142",53,0,0
2011,"15",2655,3000,1650
2011,"16",901,295,45
2011,"161",1427,490,175
2011,"17",1204,330,87
2011,"171",1047,280,37
2011,"18",3482,3110,1585
2011,"181",1082,520,130
2011,"19",548,1090,752
2011,"191",367,760,471
2011,"2",293,370,363
2011,"20",120,110,110
2011,"201",132,160,160
2011,"21",1660,2950,2197
2011,"211",2077,0,0
2011,"214",602,450,198
2011,"22",2186,1450,1252
2011,"23",3831,0,0
2011,"231",956,460,424
2011,"24",3325,0,0
2011,"25",1198,40,40
2011,"26",924,55,55
2011,"27",932,725,244
2011,"28",2372,2200,1582
2011,"29",74,145,145
2011,"3",1700,3775,2687
2011,"30",807,0,0
2011,"301",1103,0,0
2011,"31",672,1000,124
2011,"32",457,500,76
2011,"33",2271,2115,859
2011,"34",967,685,299
2011,"35",861,965,719
2011,"36",1334,1330,721
2011,"361",228,0,0
2011,"37",1180,0,0
2011,"371",760,635,277
2011,"38",564,180,180
2011,"39",346,560,555
2011,"391",51,120,92
2011,"4",2455,1050,1050
2011,"40",247,268,268
2011,"41",1052,3000,2245
2011,"411",383,300,90
2011,"42",2063,2000,847
2011,"421",1883,1800,930
2011,"43",2403,3090,944
2011,"44",1365,1770,1298
2011,"441",877,0,0
2011,"444",1399,1380,648
2011,"45",962,760,465
2011,"46",234,515,475
2011,"461",53,220,120
2011,"47",738,945,296
2011,"471",127,200,5
2011,"48",428,810,810
2011,"481",587,1210,1200
2011,"49",655,720,720
2011,"5",780,210,210
2011,"50",582,1325,1325
2011,"500",529,1140,1140
2011,"501",376,825,825
2011,"51",235,470,466
2011,"511",1160,380,330
2011,"52",898,725,316
2011,"521",2090,1400,658
2011,"53",1116,965,628
2011,"54",2299,1760,1157
2011,"55",2943,1805,1694
2011,"551",1602,990,860
2011,"56",483,525,491
2011,"561",244,290,274
2011,"57",351,680,680
2011,"58",348,0,0
2011,"581",1089,675,595
2011,"59",526,550,171
2011,"591",135,0,0
2011,"6",1985,4295,1652
2011,"60",235,145,125
2011,"61",1125,2050,2050
2011,"62",3538,1910,1910
2011,"63",766,340,264
2011,"64",579,1525,928
2011,"65",1584,0,0
2011,"66",1419,1700,1686
2011,"67",1544,1725,1725
2011,"68",1723,1065,994
2011,"681",1008,335,313
2011,"69",212,445,445
2011,"691",133,0,0
2011,"7",768,2880,2144
2011,"70",2406,2060,1979
2011,"71",1942,680,680
2011,"711",1921,750,750
2011,"72",274,240,40
2011,"73",600,200,200
2011,"74",1263,1200,1086
2011,"741",212,300,76
2011,"75",1429,2960,2538
2011,"751",979,0,0
2011,"76",884,1060,1020
2011,"77",2030,245,245
2011,"771",478,0,0
2011,"78",1645,0,0
2011,"79",813,1000,542
2011,"8",768,0,0
2011,"80",1872,1325,1325
2011,"81",1730,235,235
2011,"82",1556,1115,540
2011,"83",587,0,0
2011,"84",242,0,0
2011,"85",1123,370,357
2011,"851",183,20,20
2011,"86",916,790,740
2011,"861",266,0,0
2011,"9",59,400,74
2012,"1",59,80,55
2012,"10",215,220,220
2012,"104",27,200,47
2012,"11",2848,9720,7564
2012,"12",4377,6100,3630
2012,"13",1428,800,270
2012,"131",663,560,114
2012,"133",30,30,17
2012,"134",19,0,0
2012,"14",1142,775,775
2012,"140",125,0,0
2012,"141",27,0,0
2012,"142",60,0,0
2012,"15",2658,3000,1698
2012,"16",954,295,54
2012,"161",1470,490,158
2012,"17",1193,330,102
2012,"171",1215,280,51
2012,"18",3711,3110,1627
2012,"181",1267,520,132
2012,"19",473,1090,794
2012,"191",308,760,496
2012,"2",138,170,170
2012,"20",132,140,140
2012,"201",89,105,105
2012,"21",1911,2855,1866
2012,"211",2023,0,0
2012,"214",620,450,233
2012,"22",1938,1100,1039
2012,"23",3447,0,0
2012,"231",956,460,431
2012,"24",3108,0,0
2012,"25",1249,40,40
2012,"26",823,55,49
2012,"27",1058,725,284
2012,"28",2520,2200,1677
2012,"29",76,145,145
2012,"3",1754,3775,2667
2012,"30",933,0,0
2012,"301",1242,0,0
2012,"31",904,1000,224
2012,"32",499,500,60
2012,"33",2274,1815,816
2012,"34",792,685,324
2012,"35",775,965,791
2012,"36",1162,1000,754
2012,"361",243,0,0
2012,"37",1466,0,0
2012,"371",820,635,292
2012,"38",597,165,165
2012,"39",318,540,540
2012,"391",33,100,72
2012,"4",2363,1050,1050
2012,"40",207,253,253
2012,"41",1112,3000,2320
2012,"411",449,300,86
2012,"42",2383,2000,785
2012,"421",1954,1800,852
2012,"43",2345,2910,939
2012,"44",1584,1880,1251
2012,"441",877,0,0
2012,"444",1316,1760,609
2012,"45",1063,730,472
2012,"46",240,510,448
2012,"461",63,200,104
2012,"47",764,995,254
2012,"471",195,190,12
2012,"48",364,670,670
2012,"481",458,970,970
2012,"49",595,660,660
2012,"5",673,210,210
2012,"50",644,1360,1360
2012,"500",543,1110,1110
2012,"501",338,765,765
2012,"51",233,470,456
2012,"511",1237,380,333
2012,"52",1015,725,308
2012,"521",1803,1200,668
2012,"53",1288,965,681
2012,"54",2334,1760,1268
2012,"55",2936,1730,1697
2012,"551",1637,940,829
2012,"56",380,435,430
2012,"561",216,235,223
2012,"57",372,680,680
2012,"58",382,0,0
2012,"581",1184,500,432
2012,"59",536,490,191
2012,"591",230,0,0
2012,"6",2037,4295,1647
2012,"60",262,145,105
2012,"61",1076,2030,2030
2012,"62",3718,1985,1985
2012,"63",808,340,267
2012,"64",611,1425,897
2012,"65",1583,0,0
2012,"66",1464,1700,1700
2012,"67",1541,1725,1725
2012,"68",1663,1065,1016
2012,"681",1016,335,317
2012,"69",194,445,445
2012,"691",138,0,0
2012,"7",875,2880,2288
2012,"70",2568,2160,2064
2012,"71",1986,580,580
2012,"711",1684,650,650
2012,"72",401,240,76
2012,"73",599,200,200
2012,"74",1322,960,920
2012,"741",206,250,34
2012,"75",1584,2230,2017
2012,"751",1181,0,0
2012,"76",849,1000,1000
2012,"77",2328,1075,1075
2012,"771",446,0,0
2012,"78",1980,0,0
2012,"79",748,895,572
2012,"8",785,0,0
2012,"80",1964,1325,1325
2012,"81",1985,235,235
2012,"82",1564,1115,557
2012,"83",656,0,0
2012,"84",276,0,0
2012,"85",1296,370,365
2012,"851",258,20,20
2012,"86",1047,790,728
2012,"861",256,0,0
2012,"9",53,400,80
2013,"1",56,80,58
2013,"10",262,275,275
2013,"104",45,200,71
2013,"11",3228,10420,7246
2013,"12",4313,6500,3888
2013,"13",1763,1000,352
2013,"131",696,560,140
2013,"133",23,30,16
2013,"134",20,0,0
2013,"14",1092,800,760
2013,"140",162,0,0
2013,"141",25,0,0
2013,"142",59,0,0
2013,"15",2618,3025,1831
2013,"16",967,295,62
2013,"161",1611,490,207
2013,"17",1161,330,97
2013,"171",1208,280,82
2013,"18",3694,3110,1812
2013,"181",1217,520,138
2013,"19",425,1090,836
2013,"191",314,760,507
2013,"2",102,115,115
2013,"20",65,140,140
2013,"201",133,145,145
2013,"21",1641,2935,1907
2013,"211",2393,0,0
2013,"214",737,450,308
2013,"22",2081,1275,1225
2013,"23",3440,0,0
2013,"231",916,560,491
2013,"24",3047,0,0
2013,"25",888,90,90
2013,"26",702,55,31
2013,"27",1071,725,268
2013,"28",2563,2200,1776
2013,"29",66,145,145
2013,"3",2158,4400,3082
2013,"30",1068,0,0
2013,"301",1201,0,0
2013,"31",788,1000,186
2013,"32",569,600,106
2013,"33",2104,1815,933
2013,"34",854,685,368
2013,"35",939,995,794
2013,"36",1259,1080,938
2013,"361",287,0,0
2013,"37",1312,0,0
2013,"371",821,635,286
2013,"38",599,165,165
2013,"39",370,560,560
2013,"391",42,120,96
2013,"4",2689,1350,1180
2013,"40",232,269,269
2013,"41",1415,3500,2631
2013,"411",521,300,101
2013,"42",2798,2450,841
2013,"421",2405,2200,1090
2013,"43",2022,2270,1095
2013,"44",1520,1840,1373
2013,"441",1036,0,0
2013,"444",1477,1720,558
2013,"45",1079,700,537
2013,"46",237,515,515
2013,"461",52,220,120
2013,"47",824,985,235
2013,"471",189,170,9
2013,"48",345,670,670
2013,"481",466,970,970
2013,"49",577,660,660
2013,"5",886,210,210
2013,"50",618,1360,1360
2013,"500",506,1110,1110
2013,"501",354,765,765
2013,"51",217,470,460
2013,"511",1457,380,337
2013,"52",1153,775,346
2013,"521",2431,1400,732
2013,"53",1216,965,690
2013,"54",2236,1760,1322
2013,"55",2796,1730,1725
2013,"551",1631,940,911
2013,"56",381,435,430
2013,"561",213,235,235
2013,"57",365,720,720
2013,"58",365,0,0
2013,"581",1328,0,0
2013,"59",494,980,833
2013,"591",232,0,0
2013,"6",2308,4295,1766
2013,"60",239,145,118
2013,"61",1198,1550,1550
2013,"62",3635,2125,2125
2013,"63",865,340,252
2013,"64",636,1475,987
2013,"65",1583,0,0
2013,"66",1442,1700,1700
2013,"67",1513,1725,1725
2013,"68",1619,1065,1006
2013,"681",1049,335,332
2013,"69",177,445,445
2013,"691",92,0,0
2013,"7",776,2880,2618
2013,"70",2449,2160,2035
2013,"71",1831,430,430
2013,"711",1852,495,495
2013,"72",368,180,64
2013,"73",549,150,150
2013,"74",1234,910,878
2013,"741",213,140,62
2013,"75",1386,2030,1884
2013,"751",950,0,0
2013,"76",802,1000,1000
2013,"77",2451,1075,1075
2013,"771",488,0,0
2013,"78",1679,0,0
2013,"79",749,895,563
2013,"8",794,0,0
2013,"80",2097,1175,1175
2013,"81",1955,235,235
2013,"82",1203,840,480
2013,"83",717,0,0
2013,"84",244,0,0
2013,"85",1269,370,370
2013,"851",222,20,20
2013,"86",1028,790,749
2013,"861",221,0,0
2013,"9",49,400,71
2014,"1",56,80,63
2014,"10",252,275,275
2014,"104",38,200,51
2014,"11",3924,10420,7001
2014,"12",4295,6500,3793
2014,"13",1573,1000,386
2014,"131",672,560,149
2014,"133",45,30,19
2014,"134",24,0,0
2014,"14",1357,825,794
2014,"140",103,0,0
2014,"141",17,0,0
2014,"142",93,0,0
2014,"15",2603,3025,1856
2014,"16",964,295,65
2014,"161",1735,490,155
2014,"17",1272,550,151
2014,"171",1238,60,39
2014,"18",3713,3110,1829
2014,"181",1071,520,128
2014,"19",507,1090,796
2014,"191",324,760,554
2014,"2",110,115,115
2014,"20",111,140,140
2014,"201",116,145,145
2014,"21",1803,2935,1838
2014,"211",2028,0,0
2014,"214",701,650,251
2014,"22",1755,1275,1216
2014,"23",3099,0,0
2014,"231",888,560,516
2014,"24",2507,0,0
2014,"25",890,440,425
2014,"26",735,55,46
2014,"27",1117,770,317
2014,"28",2628,2200,1738
2014,"29",64,145,145
2014,"3",2350,4650,3369
2014,"30",835,0,0
2014,"301",1347,0,0
2014,"31",823,1000,234
2014,"32",551,600,114
2014,"33",2122,1815,860
2014,"34",831,685,348
2014,"35",833,945,835
2014,"36",1142,940,940
2014,"361",197,0,0
2014,"37",1279,0,0
2014,"371",786,635,284
2014,"38",639,165,165
2014,"39",337,560,560
2014,"391",35,120,78
2014,"4",3002,1550,1370
2014,"40",219,269,269
2014,"41",1552,3500,2595
2014,"411",583,300,97
2014,"42",2738,2450,773
2014,"421",2380,2200,1018
2014,"43",1751,1620,1105
2014,"44",1283,1510,1262
2014,"441",945,0,0
2014,"444",1293,1450,587
2014,"45",874,530,456
2014,"46",176,375,375
2014,"461",75,220,92
2014,"47",697,715,226
2014,"471",179,145,10
2014,"48",308,600,600
2014,"481",425,870,870
2014,"49",607,660,660
2014,"5",989,210,210
2014,"50",593,1300,1300
2014,"500",509,1050,1050
2014,"501",334,705,705
2014,"51",206,470,470
2014,"511",1118,405,342
2014,"52",1282,775,326
2014,"521",2389,1400,670
2014,"53",1336,845,680
2014,"54",2231,1655,1318
2014,"55",2709,1520,1520
2014,"551",1331,810,810
2014,"56",275,305,305
2014,"561",155,185,185
2014,"57",387,720,720
2014,"58",306,0,0
2014,"581",992,0,0
2014,"59",513,780,643
2014,"591",220,0,0
2014,"6",2551,4295,1786
2014,"60",345,145,106
2014,"61",1219,1550,1550
2014,"62",3290,1960,1914
2014,"63",745,265,224
2014,"64",634,1475,959
2014,"65",1268,0,0
2014,"66",1187,1415,1415
2014,"67",1240,1435,1435
2014,"68",1655,1045,977
2014,"681",1020,335,276
2014,"69",217,445,445
2014,"691",56,0,0
2014,"7",874,2880,2814
2014,"70",2394,2160,2032
2014,"71",1725,430,430
2014,"711",1631,495,495
2014,"72",404,180,74
2014,"73",715,100,100
2014,"74",1085,710,669
2014,"741",208,140,90
2014,"75",1243,1930,1920
2014,"751",925,0,0
2014,"76",759,900,900
2014,"77",2760,1075,1075
2014,"771",624,0,0
2014,"78",1549,0,0
2014,"79",577,690,577
2014,"8",649,0,0
2014,"80",1915,1175,1051
2014,"81",2128,235,75
2014,"82",1172,840,493
2014,"83",662,0,0
2014,"84",189,0,0
2014,"85",1154,370,357
2014,"851",210,20,20
2014,"86",1029,790,748
2014,"861",186,0,0
2014,"9",52,400,94
2015,"1",53,80,51
2015,"10",216,275,275
2015,"104",27,285,29
2015,"11",3912,10420,6754
2015,"12",4641,6500,2312
2015,"13",1516,1500,225
2015,"131",696,810,120
2015,"133",25,30,29
2015,"134",17,0,0
2015,"14",1295,1075,692
2015,"140",186,0,0
2015,"141",23,0,0
2015,"142",67,0,0
2015,"15",2544,4225,1488
2015,"16",1013,295,73
2015,"161",1637,490,207
2015,"17",1256,550,183
2015,"171",1392,60,34
2015,"18",4032,3730,2088
2015,"181",1042,620,94
2015,"19",553,1940,713
2015,"191",385,1250,353
2015,"2",97,115,115
2015,"20",126,140,140
2015,"201",130,155,155
2015,"21",1673,2235,1398
2015,"211",1880,0,0
2015,"214",915,1250,302
2015,"22",1811,900,447
2015,"23",3078,0,0
2015,"231",857,810,468
2015,"24",2824,0,0
2015,"25",864,640,349
2015,"26",793,100,27
2015,"27",1092,770,311
2015,"28",2726,2420,1961
2015,"29",88,275,116
2015,"3",2612,4850,2832
2015,"30",672,0,0
2015,"301",1218,0,0
2015,"31",967,1500,138
2015,"32",612,900,108
2015,"33",2220,2965,920
2015,"34",748,635,379
2015,"35",897,1155,774
2015,"36",1203,1490,935
2015,"361",224,0,0
2015,"37",1318,0,0
2015,"371",809,695,354
2015,"38",534,265,169
2015,"39",280,570,384
2015,"391",38,240,56
2015,"4",3138,1750,1111
2015,"40",237,276,276
2015,"41",1383,4100,2423
2015,"411",398,300,97
2015,"42",2669,2450,674
2015,"421",2363,3300,984
2015,"43",1436,1685,935
2015,"44",1117,1580,1058
2015,"441",931,0,0
2015,"444",1249,1835,491
2015,"45",849,655,377
2015,"46",169,465,285
2015,"461",69,440,36
2015,"47",708,925,200
2015,"471",87,160,28
2015,"48",313,690,521
2015,"481",412,1270,790
2015,"49",592,800,662
2015,"5",1036,210,168
2015,"50",532,1925,800
2015,"500",499,1600,1027
2015,"501",342,1040,554
2015,"51",195,670,385
2015,"511",1072,505,324
2015,"52",1025,775,348
2015,"521",2550,2100,519
2015,"53",1119,845,667
2015,"54",2061,1485,1262
2015,"55",2818,1460,1460
2015,"551",1484,750,750
2015,"56",271,305,305
2015,"561",160,185,185
2015,"57",373,720,720
2015,"58",287,0,0
2015,"581",984,0,0
2015,"59",364,780,416
2015,"591",160,0,0
2015,"6",2618,4295,1952
2015,"60",251,155,124
2015,"61",989,1495,1276
2015,"62",3170,1285,1223
2015,"63",701,265,227
2015,"64",674,1575,995
2015,"65",1494,0,0
2015,"66",1213,1415,1415
2015,"67",1226,1435,1435
2015,"68",1562,1045,1032
2015,"681",992,335,298
2015,"69",271,595,595
2015,"691",36,0,0
2015,"7",1048,5005,2452
2015,"70",2408,1250,1000
2015,"71",1963,1635,1377
2015,"711",1711,445,197
2015,"72",397,240,99
2015,"73",583,120,42
2015,"74",1156,760,586
2015,"741",218,210,78
2015,"75",1252,2530,1276
2015,"751",959,0,0
2015,"76",726,850,850
2015,"77",2251,1075,1075
2015,"771",487,0,0
2015,"78",1701,0,0
2015,"79",543,690,491
2015,"8",816,0,0
2015,"80",2059,1125,1065
2015,"81",2070,235,161
2015,"82",1375,840,566
2015,"83",662,0,0
2015,"84",259,0,0
2015,"85",1489,370,369
2015,"851",235,20,20
2015,"86",1034,1365,818
2015,"861",242,0,0
2015,"9",57,560,53
2016,"1",58,80,54
2016,"10",261,295,295
2016,"104",40,285,34
2016,"11",3825,10420,6634
2016,"12",4483,6500,2199
2016,"13",1337,1500,186
2016,"131",520,810,113
2016,"133",20,30,17
2016,"134",9,0,0
2016,"14",1307,1075,735
2016,"140",124,0,0
2016,"141",32,0,0
2016,"142",55,0,0
2016,"15",2752,4225,1580
2016,"16",1113,315,80
2016,"161",819,510,236
2016,"17",1460,590,211
2016,"171",1404,60,39
2016,"18",4291,3730,2098
2016,"181",1105,620,119
2016,"19",722,2240,836
2016,"191",451,1460,338
2016,"2",100,115,115
2016,"20",123,150,150
2016,"201",141,155,155
2016,"21",1652,2235,1361
2016,"211",1943,0,0
2016,"214",913,1550,338
2016,"22",1721,900,470
2016,"23",3423,0,0
2016,"231",1013,810,493
2016,"24",2759,0,0
2016,"25",859,640,373
2016,"26",860,100,43
2016,"27",1008,770,326
2016,"28",2724,2420,2044
2016,"29",89,275,104
2016,"3",2763,5200,3313
2016,"30",790,0,0
2016,"301",1439,0,0
2016,"31",1047,1500,111
2016,"32",575,900,45
2016,"33",2203,2965,807
2016,"34",804,635,381
2016,"35",825,1010,689
2016,"36",1016,955,610
2016,"361",249,0,0
2016,"37",1277,0,0
2016,"371",808,695,308
2016,"38",570,265,184
2016,"39",271,560,425
2016,"391",41,240,48
2016,"4",3700,1950,1172
2016,"40",245,276,276
2016,"41",1430,4300,2436
2016,"411",533,300,108
2016,"42",2878,2450,654
2016,"421",2413,3300,858
2016,"43",1699,2285,989
2016,"44",835,660,582
2016,"441",1125,0,0
2016,"444",794,715,415
2016,"45",746,320,179
2016,"46",142,405,246
2016,"461",41,400,40
2016,"47",445,375,255
2016,"471",190,205,16
2016,"48",280,590,463
2016,"481",412,1195,733
2016,"49",612,800,662
2016,"5",1231,210,146
2016,"50",579,1850,695
2016,"500",538,1540,1072
2016,"501",323,995,542
2016,"51",211,670,331
2016,"511",1097,505,335
2016,"52",1137,775,284
2016,"521",2652,2100,561
2016,"53",1166,845,713
2016,"54",1704,845,784
2016,"55",3176,1460,1460
2016,"551",1513,750,750
2016,"56",278,305,305
2016,"561",154,185,175
2016,"57",325,720,720
2016,"58",362,0,0
2016,"581",958,0,0
2016,"59",342,780,455
2016,"591",172,0,0
2016,"6",2502,4265,2065
2016,"60",260,155,112
2016,"61",901,1335,1110
2016,"62",2939,925,899
2016,"63",704,265,218
2016,"64",612,1675,965
2016,"65",1703,0,0
2016,"66",1242,1415,1415
2016,"67",1311,1435,1435
2016,"68",1620,1045,1001
2016,"681",933,335,300
2016,"69",267,595,595
2016,"691",64,0,0
2016,"7",1046,5550,2814
2016,"70",2504,1210,1096
2016,"71",2000,1660,1471
2016,"711",1772,445,201
2016,"72",367,150,81
2016,"73",605,120,63
2016,"74",1220,760,580
2016,"741",223,210,78
2016,"75",1358,2080,1144
2016,"751",797,0,0
2016,"76",793,850,850
2016,"77",2093,1075,1075
2016,"771",478,0,0
2016,"78",1803,0,0
2016,"79",554,690,492
2016,"8",976,0,0
2016,"80",2062,1125,1081
2016,"81",2100,235,196
2016,"82",1335,840,613
2016,"83",739,0,0
2016,"84",305,0,0
2016,"85",1297,370,357
2016,"851",244,25,25
2016,"86",1092,1440,818
2016,"861",274,0,0
2016,"9",52,410,67
2017,"1",49,80,45
2017,"10",252,295,295
2017,"104",34,285,28
2017,"11",3477,10920,6789
2017,"12",4438,6500,2331
2017,"13",1425,1500,162
2017,"131",609,810,109
2017,"133",27,30,30
2017,"134",21,0,0
2017,"14",1277,1075,712
2017,"140",124,0,0
2017,"141",33,0,0
2017,"142",126,0,0
2017,"15",2835,4225,1587
2017,"16",1001,315,81
2017,"161",1711,510,229
2017,"17",1447,590,238
2017,"171",1190,60,31
2017,"18",4040,3965,2037
2017,"181",1115,600,118
2017,"19",723,2420,818
2017,"191",439,1520,290
2017,"2",92,115,115
2017,"20",133,150,150
2017,"201",148,155,155
2017,"21",1666,2235,1404
2017,"211",2044,0,0
2017,"214",835,1850,357
2017,"22",1859,900,437
2017,"23",3583,0,0
2017,"231",1152,810,508
2017,"24",3063,0,0
2017,"25",1071,640,334
2017,"26",873,100,39
2017,"27",1119,770,332
2017,"28",3052,2975,2093
2017,"29",99,275,95
2017,"3",2785,5650,3268
2017,"30",868,0,0
2017,"301",1404,0,0
2017,"31",1014,1500,111
2017,"32",565,900,30
2017,"33",2385,2965,651
2017,"34",861,635,350
2017,"35",874,810,621
2017,"36",992,715,412
2017,"361",246,0,0
2017,"37",1443,0,0
2017,"371",908,835,326
2017,"38",516,265,187
2017,"39",223,370,277
2017,"391",38,240,40
2017,"4",3859,1950,1168
2017,"40",214,234,234
2017,"41",1462,4050,2415
2017,"411",557,300,97
2017,"42",2892,2450,642
2017,"421",2268,2550,897
2017,"43",1848,2465,1085
2017,"44",670,430,388
2017,"441",1264,0,0
2017,"444",843,685,419
2017,"45",633,160,88
2017,"46",143,405,240
2017,"461",49,300,36
2017,"47",435,360,234
2017,"471",136,190,25
2017,"48",274,590,442
2017,"481",420,1195,679
2017,"49",625,830,722
2017,"5",1143,210,162
2017,"50",572,1850,701
2017,"500",529,1540,895
2017,"501",316,995,452
2017,"51",210,670,358
2017,"511",902,505,315
2017,"52",1052,775,329
2017,"521",2229,1125,576
2017,"53",1153,700,629
2017,"54",1859,740,678
2017,"55",2678,1235,1235
2017,"551",1422,625,625
2017,"56",297,315,315
2017,"561",168,185,169
2017,"57",427,760,760
2017,"58",367,0,0
2017,"581",918,0,0
2017,"59",323,780,469
2017,"591",106,0,0
2017,"6",2364,4290,1958
2017,"60",281,155,118
2017,"61",877,1295,1094
2017,"62",2965,745,729
2017,"63",694,265,243
2017,"64",618,1675,963
2017,"65",1652,0,0
2017,"66",1189,1320,1320
2017,"67",1216,1335,1335
2017,"68",1651,1045,949
2017,"681",940,335,302
2017,"69",294,595,595
2017,"691",54,0,0
2017,"7",952,5775,2778
2017,"70",2387,1210,1054
2017,"71",2030,1345,1192
2017,"711",1600,250,98
2017,"72",380,150,60
2017,"73",565,45,33
2017,"74",1199,560,462
2017,"741",198,150,54
2017,"75",1238,1355,866
2017,"751",925,0,0
2017,"76",794,850,850
2017,"77",2322,1075,1075
2017,"771",497,0,0
2017,"78",1810,0,0
2017,"79",588,690,534
2017,"8",1132,0,0
2017,"80",2079,840,840
2017,"81",2042,200,200
2017,"82",1299,840,619
2017,"83",708,0,0
2017,"84",336,0,0
2017,"85",1331,370,357
2017,"851",250,25,25
2017,"86",1060,1440,789
2017,"861",359,0,0
2017,"9",64,410,85
